fecha,instagram,nombre_marca,ciudad_barrio,rubro,motivo,fuente_url
2026-10-06,@romperissimo,Romperissimo,Rosario,ropa vintage,"vintage/segunda mano: el perfil EZ lista cada prenda como ""Pieza única"" (sin variantes)",https://ferias.emprenzona.com.ar/emprendedor/romperissimo
2026-10-06,@analiacayo,analia cayo,,ropa usada,"venta de ropa nueva y usada propia, no es marca",https://ferias.emprenzona.com.ar/emprendedor/analia-cayo
2026-10-06,,KL Store,,indumentaria/carteras/lentes,"sin Instagram verificable (el campo IG del perfil EZ dice ""Tiktok.com"")",https://ferias.emprenzona.com.ar/emprendedor/kl-store
2026-10-06,@malibu.ropa.sustentable,Karina Vanesa Baudrix,,textil-deco,"rubro declarado ""Textil-deco"": no confirma ropa con talles",https://ferias.emprenzona.com.ar/emprendedor/karina-vanesa-baudrix
2026-10-06,@juli.importaditos,Rincon de juli importaditos,GBA Sur - Avellaneda,ropa infantil de fardo,fardo americano usado: piezas únicas sin variantes,https://ferias.emprenzona.com.ar/emprendedor/rincon-de-juli-importaditos
2026-10-06,,Maria Cubillas,,remeras,sin Instagram en el perfil,https://ferias.emprenzona.com.ar/emprendedor/maria-cubillas
2026-10-06,,Leonel (Saphirus),,aromas,no es ropa (reventa Saphirus),https://ferias.emprenzona.com.ar/emprendedor/leonel
2026-10-06,@alofino3d,Alofino3d,CABA - Caballito,"""ropa"" (sin descripción)",rubro dudoso: el nombre sugiere impresión 3D y no hay descripción,https://ferias.emprenzona.com.ar/emprendedores/1116
2026-10-06,@geatextil,GEA Textil,,serigrafía,"servicio de estampado, no marca",https://ferias.emprenzona.com.ar/emprendedor/geatextil
2026-10-06,@kimai.estampas,Kimai estampas,,estampados personalizados,personalizados para eventos/regalos (servicio),https://ferias.emprenzona.com.ar/emprendedor/kimai-estampas
2026-10-06,@tintadelpuerto,Tinta del Puerto,,remeras personalizadas,servicio de estampado personalizado,https://ferias.emprenzona.com.ar/emprendedor/tintadelpuerto
2026-10-06,@luciano.eyewear,Luciano Eyewear,,anteojos de sol,accesorio sin talles,https://ferias.emprenzona.com.ar/emprendedor/luciano-eyewear
2026-10-06,@hogardeproteccionlourdes,Hogar de Protección Lourdes,,refugio felino,no es marca (ONG),https://ferias.emprenzona.com.ar/emprendedor/hogardeproteccionlourdes
2026-10-06,@kaiida_indumentaria,Kaiida (Valentina),,indumentaria,"cerrando: ""me quedan las últimas unidades ya que voy a cambiar de rubro""",https://ferias.emprenzona.com.ar/emprendedor/kaiida-indumentaria
2026-10-06,@amaralenceriaa,Amaralenceriaa,,lencería por catálogo,"revendedora de catálogo: ""Solo tengo mercadería de catálogo""",https://ferias.emprenzona.com.ar/emprendedor/amaralenceriaa
2026-10-06,@sumando.detalles,Sumando detalles,,deco infantil textil,"deco/juegos en tela, no ropa",https://ferias.emprenzona.com.ar/emprendedor/sumando-detalles
2026-10-06,@heredita.collection,HEREDITÀ,,sombreros tejidos,"artesanía tejida, recién empieza con prendas",https://ferias.emprenzona.com.ar/emprendedor/heredit
2026-10-06,@filafiltextiles_,Fil á Fil,,complementos textiles/telas,no es ropa,https://ferias.emprenzona.com.ar/emprendedor/fil-a-fil
2026-10-06,@coplerasdelconurbano,Coplerasdelconurbano,GBA Sur - Quilmes,grupo de canto,no es marca,https://ferias.emprenzona.com.ar/emprendedor/coplerasdelconurbano
2026-10-06,@unpocodetodo_ryg,Unpocodetodo Ryg,GBA Sur - Quilmes,bazar multirubro,"multirubro (camisetas, perfumes, relojes, pelotas)",https://ferias.emprenzona.com.ar/emprendedor/unpocodetodo-ryg
2026-10-06,@modapalta,Moda palta,GBA Sur - Quilmes,carteras y mochilas,"marroquinería de reventa de marcas, sin talles",https://ferias.emprenzona.com.ar/emprendedor/modapalta
2026-10-06,@manchadoanime,Manchadoanime,CABA,remeras/posters/3D,merchandising anime e impresión 3D,https://ferias.emprenzona.com.ar/emprendedor/manchadoanime
2026-10-06,@nakamamedias,Nakama Medias,CABA,medias/TCG,"merchandising geek (Pokémon TCG, peluches)",https://ferias.emprenzona.com.ar/emprendedor/nakamamedias
2026-10-06,@devilfruit_store,Devilfruit Store,CABA,anime,merchandising anime,https://ferias.emprenzona.com.ar/emprendedor/devilfruit-store
2026-10-06,@bendito.bana,Bendito Bana,CABA - Belgrano,ropa ecoprint,ecoprint y tintes naturales artesanales: probable pieza única (verificar),https://ferias.emprenzona.com.ar/emprendedor/bendito-bana
2026-10-06,@piquillines.oficial,Piquillínes,,prendas recicladas bebé,textil reciclado artesanal: probable pieza única,https://ferias.emprenzona.com.ar/emprendedor/piquillines-oficial
2026-10-06,@dosbrujas_vdp,Dos brujas,CABA - Villa Devoto,medias personalizadas,producto personalizado a pedido,https://ferias.emprenzona.com.ar/emprendedor/dos-brujas
2026-10-06,@fashiionaura,FashiionAura,GBA Oeste - Villa Lynch,lentes/bijou,"rubro declarado lentes, accesorios, bijouterie",https://ferias.emprenzona.com.ar/emprendedores/1100
2026-10-06,@maleinka.ar,Maleinka,,tejidos,"artesanía: ""piezas únicas... telar, dos agujas y crochet""",https://purodiseno.lat/tendencias/26-expositores-de-feria-puro-diseno-2026-crear-innovar-y-emprender/
2026-10-06,@eli_denegri,Eli Denegri,Gualeguay (ER),indumentaria upcycling,"""chalecos, sacos, blazers y kimonos únicos"" con textiles en desuso",https://purodiseno.lat/tendencias/26-expositores-de-feria-puro-diseno-2026-disenadores-y-artistas-camino-a-la-rural/
2026-10-06,@marialanafieltro,María Lana,,fieltro nuno,"""piezas textiles únicas""",https://purodiseno.lat/tendencias/26-expositores-de-feria-puro-diseno-2026-disenadores-y-artistas-camino-a-la-rural/
2026-10-06,@andrearovere_moda,Andrea Rovere,,alta costura,alta costura/autor con descartes: no es catálogo con talles repetibles,https://purodiseno.lat/tendencias/26-expositores-de-feria-puro-diseno-2026-el-arte-y-oficio-de-emprender/
2026-10-06,@birdiesweaters,Birdie Diseño,,tejidos,"""piezas únicas realizadas con lana Merino hilada a mano""",https://purodiseno.lat/tendencias/26-expositores-de-feria-puro-diseno-2026-el-arte-y-oficio-de-emprender/
2026-10-06,@juanadiez_,Juana Diez,CABA,upcycling,"""piezas únicas o en ediciones limitadas""",https://purodiseno.lat/tendencias/26-expositores-de-feria-puro-diseno-2026-el-paseo-de-la-creatividad-hecha-en-argentina/
2026-10-06,@labohememdp,La Bohème,Mar del Plata,tejidos batik,"batik con ""transiciones de color diferentes en cada pieza""",https://purodiseno.lat/tendencias/26-expositores-de-feria-puro-diseno-2026-el-paseo-de-la-creatividad-hecha-en-argentina/
2026-10-06,@ortenciaquispe23,Manitos Tejedoras,Maimará (Jujuy),abrigos de llama,artesanía textil de autor,https://purodiseno.lat/tendencias/26-expositores-de-feria-puro-diseno-2026-la-celebracion-de-la-creatividad-hecha-en-argentina/
2026-10-06,@antolinaoficialok,Antolina,Tilcara (Jujuy),indumentaria artesanal,producción textil artesanal de autor (verificar si tiene talles),https://purodiseno.lat/tendencias/26-expositores-de-feria-puro-diseno-2026-vuelta-por-el-universo-creativo-y-emprendedor/
2026-10-06,@bonhomiastore,BZW Bonhomía Zero Waste,Jujuy,indumentaria zero waste,"""propuestas únicas como piezas híbridas de barro y textil""",https://purodiseno.lat/tendencias/26-expositores-de-feria-puro-diseno-2026-vuelta-por-el-universo-creativo-y-emprendedor/
2026-10-06,@nuno.estudio,Nuno,,fieltro,"""piezas únicas de fieltro""",https://purodiseno.lat/tendencias/26-expositores-de-feria-puro-diseno-2026-vuelta-por-el-universo-creativo-y-emprendedor/
2026-10-06,@lafemme.consciente,La Femme,,upcycling,"upcycling de remanentes, mayormente bolsos",https://purodiseno.lat/tendencias/26-expositores-de-feria-puro-diseno-2026-vuelta-por-el-universo-creativo-y-emprendedor/
2026-10-06,@customizateok,Customizate,,prendas intervenidas,"""piezas únicas"" intervenidas",https://purodiseno.lat/tendencias/26-expositores-de-la-feria-puro-diseno-2026-elegimos-emprender/
2026-10-06,@tramando.s,Tramando Sueños,,tejido artesanal,prendas artesanales de tejido manual,https://purodiseno.lat/tendencias/conoce-a-los-expositores-de-feria-puro-diseno-2026-creativos-y-valientes/
2026-10-06,@amparatextil,Ampara,,joyería textil,"""prendas únicas"" y joyería",https://purodiseno.lat/tendencias/conoce-a-los-expositores-de-feria-puro-diseno-2026-la-belleza-de-lo-artesanal/
2026-10-06,@essentia.calandrelli,Calandrelli,Lobos (BA),indumentaria sustentable,"""prendas únicas""",https://purodiseno.lat/tendencias/conoce-a-los-expositores-de-feria-puro-diseno-2026-la-belleza-de-lo-artesanal/
2026-10-06,@fezhome_,FEZ,,cuero (objetos y prendas),mayoría objetos de hogar y marroquinería,https://purodiseno.lat/tendencias/26-expositores-de-feria-puro-diseno-2026-el-paseo-de-la-creatividad-hecha-en-argentina/
2026-10-06,@cunia.impactosocial,Cuñá,,bolsos textiles,"accesorios y papelería, sin talles",https://purodiseno.lat/tendencias/26-expositores-de-la-feria-puro-diseno-2026-elegimos-emprender/
2026-10-06,,Nadin Lencería,Rosario,lencería,"Tiendanube activa con ""1463 productos"" en /productos/ (verificado 2026-10-06)",https://linktr.ee/nadinlence
2026-10-06,@solshowroom,SOL SHOWROOM,"[hip: Paraná, prefijo 343]",tienda de ropa,tienda Tiendanube activa (solshowroom.mitiendanube.com); cantidad de productos sin verificar: revisar antes de descartar del todo,https://linktr.ee/SOL_SHOWROOM
2026-10-06,@kiara_tienda,Kiara,CABA - Flores (Helguera 458),mayorista,mayorista con catálogo web propio (kiaraweb.com.ar/shop),https://linktr.ee/kiara_tienda
2026-10-06,@dressingcode_oficial,Dressing Code,,mayorista,sólo mayorista con web catálogo (dressingcodeoficial.com),https://linktr.ee/Dresscode
2026-10-06,@apasionadasxlamoda,Apasionadas x la Moda,,ruanas/pashminas/accesorios,accesorios sin talles; web mayorista + tienda oficial Mercado Libre,https://linktr.ee/apasionadasxlamodaoficial
2026-10-06,@cambre.indumentaria,Cambre / Vestí tu Pasión,,ropa deportiva,tienda online propia cambreindumentaria.com + mayorista,https://linktr.ee/cambreindumentaria
2026-10-06,@jygkids,JyG Kids,CABA - Av. Avellaneda 3174,ropa infantil mayorista,tienda web minorista jygshop.com.ar + mayorista por curva,https://linktr.ee/jyg.kids
2026-10-06,@lenceriamoda,Lencería Moda,,lencería,tienda online grande propia + sitio mayorista,https://linktr.ee/lenceriamoda
2026-10-06,@embrujojeans,Embrujo,,jeans,marca grande con red de locales y revendedores,https://linktr.ee/embrujo
2026-10-06,,Chicolo,,remeras para estampar,"proveedor B2B de prendas lisas, no marca",https://linktr.ee/chicolo.basic
2026-10-06,@laflor.marroquineria,La Flor marroquinería,Tucumán,marroquinería,accesorio sin talles,https://linktr.ee/LaFlor.Marroquineria
2026-10-06,@caiaatelierdecostura,Caia Atelier de Costura,GBA Norte - Manuel Alberti,costura/diseño,atelier de costura (probable servicio a medida); verificar si tiene colección,https://linktr.ee/CAIAATELIERDECOSTURA
2026-10-06,,La Juana Pituca,[WhatsApp +54 9 11],talles grandes,"SEÑAL FUERTE (""Ventas por Whatsapp, con Gladis."", catálogo wa.me/c) pero no se encontró su @ de Instagram: buscarla a mano y pasarla a prospectos",https://linktr.ee/Lajuanapituca
2026-10-06,@onstyle_clothing,ON STYLE,,mayorista mujer,mayorista grande (166K seguidores según buscador),https://www.instagram.com/onstyle_clothing/
2026-10-06,@avellanedastore.com.ar,Indumentaria Mayorista,,mayorista,"tienda online 24/7, mínimo $100.000, 102K seguidores según buscador",https://www.instagram.com/avellanedastore.com.ar/
2026-10-06,@lovechuka,Lovechuka,,ropa mujer,cadena: web y 14 locales según buscador,https://www.instagram.com/lovechuka/
2026-10-06,@coraline.rosario,Coraline,Córdoba/Mendoza,indumentaria femenina,sucursales en 2 provincias + tienda online según buscador,https://www.instagram.com/coraline.rosario/
2026-10-06,@bravarosario,Brava Rosario showroom,Rosario,showroom,51K seguidores según buscador (fuera del rango 1K-30K); revisar si tiene tienda antes de contactar,https://www.instagram.com/bravarosario/
2026-10-06,@elguardarropadeana,El Guardarropa de Ana,,talles reales,"showroom grande: ""más de 2.000 modelos"" según buscador",https://www.instagram.com/elguardarropadeana/
2026-10-06,@elbillete_oficial,El Billete,CABA - Flores (Av. Avellaneda 2740),mayorista,mayorista desde 2007 con mínimo $70.000: otro pitch (B2B establecido),https://www.instagram.com/elbillete_oficial/
2026-10-06,@bunkerbsas,Bunker Moda Circular,CABA - Palermo,moda circular,segunda mano,https://www.instagram.com/bunkerbsas/
2026-10-06,@stockcenter.ar,Stock Center,,calzado deportivo,cadena nacional,https://www.instagram.com/stockcenter.ar/
