feria,organizador,instagram,ciudad,frecuencia,url_fuente
ABUANA X BAROKA BAR / Feria Abuana,Feria Abuana,@abuana__,CABA - Ubicación general,"4 fecha(s) publicadas en EmprenZona (vistas el 06/10/2026): 10/10, 11/10, 17/10, 24/10",https://ferias.emprenzona.com.ar/organizador/abuana__
Feria Club 12 de Octubre,Feria Club 12 de Octubre,@feriaclub12deoctubre,GBA Norte - Vicente López,"5 fecha(s) publicadas en EmprenZona (vistas el 06/10/2026): 10/10, 11/10, 12/10, 07/11, 08/11",https://ferias.emprenzona.com.ar/organizador/feriaclub12deoctubre
Feria Power Eventos Ramos Mejía / Power Eventos,POWER EVENTOS,@power.eventos,GBA Oeste - La Matanza,"21 fecha(s) publicadas en EmprenZona (vistas el 06/10/2026): 09/10, 10/10, 11/10, 16/10, 17/10, 23/10, 24/10, 30/10, 31/10, 06/11, 07/11, 13/11 …",https://ferias.emprenzona.com.ar/organizador/power.eventos
Feria Puro Diseño 2026,Puro Diseño,@feriapurodiseno,CABA - Palermo (Comuna 14),"3 fecha(s) publicadas en EmprenZona (vistas el 06/10/2026): 09/10, 10/10, 11/10",https://ferias.emprenzona.com.ar/organizador/feriapurodiseno
Feria Cazara Arte y Café — Día de la Madre / Feria Club ECA — Especial Día de la Madre / Feria Espacio Azalia — Día de la Madre,Ferias en zona sur 🤍,@ferias.delsur,GBA Sur - Lomas de Zamora,"4 fecha(s) publicadas en EmprenZona (vistas el 06/10/2026): 10/10, 12/10, 17/10, 24/10",https://ferias.emprenzona.com.ar/organizador/ferias.delsur
Feria La Casona — Primavera / La Casona Feria,La Casona Feria,@ferialacasonaemprendedores,CABA - Saavedra y Villa Urquiza (Comuna 12),"15 fecha(s) publicadas en EmprenZona (vistas el 06/10/2026): 10/10, 11/10, 12/10, 13/10, 14/10, 15/10, 16/10, 17/10, 24/10, 31/10, 07/11, 14/11 …",https://ferias.emprenzona.com.ar/organizador/ferialacasonaemprendedores
Zetah Feria — Especial Día de la Madre en Social Lanús / Zetah Feria — Especial Día de la Madre en Sportivo Alsina / Zetah Feria — Especial Halloween,Zetah Feria,@zetah.feria,GBA Sur - Lanús,"3 fecha(s) publicadas en EmprenZona (vistas el 06/10/2026): 12/10, 17/10, 31/10",https://ferias.emprenzona.com.ar/organizador/zetah.feria
Feria de Emprendedores Colegio San José Tigre,Feria de Emprendedores Colegio San José Tigre,@feriaemprendesanjosetigre,GBA Norte - Tigre,"2 fecha(s) publicadas en EmprenZona (vistas el 06/10/2026): 10/10, 11/10",https://ferias.emprenzona.com.ar/organizador/feriaemprendesanjosetigre
ExpoCDM en Canning / Feria de Emprendedores en El Pasaje (Adrogué),ExpoCDM®,@expocosademinas,GBA Oeste - Moreno GBA Sur - Almirante Brown,"4 fecha(s) publicadas en EmprenZona (vistas el 06/10/2026): 10/10, 11/10, 17/10, 18/10",https://ferias.emprenzona.com.ar/organizador/expocosademinas
Feria Dulce Amelia,ᴅᴜʟᴄᴇ ᴀᴍᴇʟɪᴀ 🌷,@feriadulceamelia,GBA Norte - Vicente López,"2 fecha(s) publicadas en EmprenZona (vistas el 06/10/2026): 10/10, 17/10",https://ferias.emprenzona.com.ar/organizador/feriadulceamelia
Mercado Creativo / Mercado Creativo en Barrio Chino,Mercado Creativo,@creativomercado,"CABA - Belgrano, Núñez y Colegiales (Comuna 13) CABA - Palermo (Comuna 14)","2 fecha(s) publicadas en EmprenZona (vistas el 06/10/2026): 12/10, 04/11",https://ferias.emprenzona.com.ar/organizador/creativomercado
Feria De Emprendedores Rincón De Ofelia,Feria de Emprendedores - Rincón de Ofelia,@rincondeofelia,GBA Norte - San Isidro,"1 fecha(s) publicadas en EmprenZona (vistas el 06/10/2026): 17/10 · bio: ""mensual""",https://ferias.emprenzona.com.ar/organizador/rincondeofelia
Feria Las Tertulias,Feria Las Tertulias,@lastertuliasferia,GBA Norte - Tigre,1 fecha(s) publicadas en EmprenZona (vistas el 06/10/2026): 12/10,https://ferias.emprenzona.com.ar/organizador/lastertuliasferia
Expo Amor Puro en La Troupe,Expo Amor Puro,@expoamorpuro,GBA Sur - Lomas de Zamora,"2 fecha(s) publicadas en EmprenZona (vistas el 06/10/2026): 11/10, 18/10",https://ferias.emprenzona.com.ar/organizador/expoamorpuro
Expo Alquimia,Expo Alquimia,@Expo.alquimia,Buenos Aires - La Plata,"11 fecha(s) publicadas en EmprenZona (vistas el 06/10/2026): 11/10, 18/10, 25/10, 01/11, 08/11, 15/11, 22/11, 29/11, 06/12, 13/12, 20/12",https://ferias.emprenzona.com.ar/organizador/expo-alquimia
Feria Expo Tdr,Expo TDR,@expo.tdr,GBA Sur - Florencio Varela,1 fecha(s) publicadas en EmprenZona (vistas el 06/10/2026): 17/10,https://ferias.emprenzona.com.ar/organizador/expo.tdr
Feria Aesthetic — Edición Halloween,Feria Aesthetic,@feriaaesthetic.arg,CABA - Chacarita y Villa Crespo (Comuna 15),1 fecha(s) publicadas en EmprenZona (vistas el 06/10/2026): 24/10,https://ferias.emprenzona.com.ar/organizador/feriaaesthetic.arg
Feria Las Pepis,Feria Las Pepis,@expoferialaspepis,Buenos Aires - La Plata,1 fecha(s) publicadas en EmprenZona (vistas el 06/10/2026): 10/10,https://ferias.emprenzona.com.ar/organizador/expoferialaspepis
Feria Paseo el Retiro,Feria Paseo el Retiro,@paseo.el.retiro.costanerasur,CABA - Centro Histórico (Comuna 1),"24 fecha(s) publicadas en EmprenZona (vistas el 06/10/2026): 10/10, 11/10, 17/10, 18/10, 24/10, 25/10, 31/10, 01/11, 07/11, 08/11, 14/11, 15/11 … · bio: ""sábados y domingos""",https://ferias.emprenzona.com.ar/organizador/paseo.el.retiro.costanerasur
Feria del Sol,Feria del Sol,@feria_delsol,GBA Norte - San Isidro,1 fecha(s) publicadas en EmprenZona (vistas el 06/10/2026): 11/10,https://ferias.emprenzona.com.ar/organizador/feria_delsol
Feria en Centro Cultural Adán Buenosayres,"Producción de eventos, talleres y experiencias culturales",@expoenlazarte,CABA - Flores y Parque Chacabuco (Comuna 7),"7 fecha(s) publicadas en EmprenZona (vistas el 06/10/2026): 09/10, 10/10, 16/10, 17/10, 23/10, 24/10, 30/10",https://ferias.emprenzona.com.ar/organizador/expoenlazarte
Emprendefest 2026,Emprendefest ✨,@emprendefest_arg,CABA - Palermo (Comuna 14),1 fecha(s) publicadas en EmprenZona (vistas el 06/10/2026): 24/11,https://ferias.emprenzona.com.ar/organizador/emprendefest_arg
Feria Cleta,Feria Cleta,@feriacleta,GBA Sur - Quilmes,"9 fecha(s) publicadas en EmprenZona (vistas el 06/10/2026): 11/10, 18/10, 25/10, 01/11, 08/11, 15/11, 22/11, 29/11, 06/12",https://ferias.emprenzona.com.ar/organizador/feriacleta
EL MERCADITO Feria de Emprendedores,EL MERCADITO | Feria de Emprendedores,@feriaelmercadito,CABA - Palermo (Comuna 14),"24 fecha(s) publicadas en EmprenZona (vistas el 06/10/2026): 10/10, 11/10, 17/10, 18/10, 24/10, 25/10, 31/10, 01/11, 07/11, 08/11, 14/11, 15/11 …",https://ferias.emprenzona.com.ar/organizador/feriaelmercadito
cclimonero,Feria de las Plazas,@feriadelasplazas,CABA - Almagro y Boedo (Comuna 5),"36 fecha(s) publicadas en EmprenZona (vistas el 06/10/2026): 10/10, 11/10, 12/10, 17/10, 18/10, 19/10, 24/10, 25/10, 26/10, 31/10, 01/11, 02/11 …",https://ferias.emprenzona.com.ar/organizador/feriadelasplazas
EXPOLUZ,EXPOLUZ,@expo.luz.lp,GBA Sur - Quilmes,"18 fecha(s) publicadas en EmprenZona (vistas el 06/10/2026): 10/10, 11/10, 17/10, 18/10, 24/10, 25/10, 31/10, 01/11, 07/11, 08/11, 14/11, 15/11 …",https://ferias.emprenzona.com.ar/organizador/expo.luz.lp
Feriamos En Devoto,Feriamos en Devoto,@feriamosendvt,CABA - Villa Devoto y Villa del Parque (Comuna 11),"18 fecha(s) publicadas en EmprenZona (vistas el 06/10/2026): 10/10, 11/10, 17/10, 18/10, 24/10, 25/10, 31/10, 01/11, 07/11, 08/11, 14/11, 15/11 … · bio: ""mensual""",https://ferias.emprenzona.com.ar/organizador/feriamosendvt
Feria Honduras,Feria Honduras,@feriahonduras_plazaserrano,CABA - Palermo (Comuna 14),"29 fecha(s) publicadas en EmprenZona (vistas el 06/10/2026): 10/10, 11/10, 12/10, 17/10, 18/10, 24/10, 25/10, 31/10, 01/11, 07/11, 08/11, 14/11 … · bio: ""sábados, domingos y feriados""",https://ferias.emprenzona.com.ar/organizador/feriahonduras_plazaserrano
Fuckxng Feria,FUCKXNG FERIA,@fuckxngferia,GBA Sur - Lomas de Zamora,"2 fecha(s) publicadas en EmprenZona (vistas el 06/10/2026): 11/10, 18/10",https://ferias.emprenzona.com.ar/organizador/fuckxngferia
Feria Mística,Feria Mística,@feriamisticaa,GBA Sur - Lanús,"36 fecha(s) publicadas en EmprenZona (vistas el 06/10/2026): 09/10, 10/10, 11/10, 16/10, 17/10, 18/10, 23/10, 24/10, 25/10, 30/10, 31/10, 01/11 …",https://ferias.emprenzona.com.ar/organizador/feriamisticaa
Ferias Zona Sur,Ferias Zona Sur,@ferias.zonasur,GBA Sur - Lanús,1 fecha(s) publicadas en EmprenZona (vistas el 06/10/2026): 17/10,https://ferias.emprenzona.com.ar/organizador/ferias.zonasur
Feria Las amigas,Feria Las amigas,@feria.lasamigas36,GBA Sur - Lanús,"11 fecha(s) publicadas en EmprenZona (vistas el 06/10/2026): 11/10, 18/10, 25/10, 01/11, 08/11, 15/11, 22/11, 29/11, 06/12, 13/12, 20/12",https://ferias.emprenzona.com.ar/organizador/feria.lasamigas36
Paseo Emprendedor Artesana,Paseo Emprendedor Artesana,@paseoartesana,GBA Sur - Lanús,"9 fecha(s) publicadas en EmprenZona (vistas el 06/10/2026): 09/10, 16/10, 23/10, 30/10, 06/11, 13/11, 20/11, 27/11, 04/12",https://ferias.emprenzona.com.ar/organizador/paseoartesana
Expo Vibra,Expo Vibra,@expovibra,Buenos Aires - La Plata,"2 fecha(s) publicadas en EmprenZona (vistas el 06/10/2026): 10/10, 17/10",https://ferias.emprenzona.com.ar/organizador/expovibra
Feria de Diseño,Feria de Diseño,@lagranferiadediseno,"CABA - Belgrano, Núñez y Colegiales (Comuna 13)","3 fecha(s) publicadas en EmprenZona (vistas el 06/10/2026): 17/10, 24/10, 25/10",https://ferias.emprenzona.com.ar/organizador/lagranferiadediseno
Alma de feria / Feria Alma de Feria — Club Los Andes,Alma de feria,@alma.deferia,GBA Norte - San Isidro,"2 fecha(s) publicadas en EmprenZona (vistas el 06/10/2026): 11/10, 25/10",https://ferias.emprenzona.com.ar/organizador/alma.deferia
Feria N2 — Club Sicilianos,Feria N2andamos,@ferian2andamos,GBA Sur - Berazategui,"2 fecha(s) publicadas en EmprenZona (vistas el 06/10/2026): 11/10, 17/10",https://ferias.emprenzona.com.ar/organizador/ferian2andamos
Feria del Bodegón sábado 1010,Feria de emprendedores del bodegón,@feriadelbodegon,CABA - Flores y Parque Chacabuco (Comuna 7),1 fecha(s) publicadas en EmprenZona (vistas el 06/10/2026): 10/10,https://ferias.emprenzona.com.ar/organizador/feriadelbodegon
La Tienda de Feria,Latienda.espacio,@latienda.espacio,Buenos Aires - La Plata,1 fecha(s) publicadas en EmprenZona (vistas el 06/10/2026): 12/10,https://ferias.emprenzona.com.ar/organizador/latienda.espacio
Feria Boutique Abracadabra,Abracadabra Feria Boutique,@feriaboutiqueabracadabra,GBA Sur - Lomas de Zamora,1 fecha(s) publicadas en EmprenZona (vistas el 06/10/2026): 26/11,https://ferias.emprenzona.com.ar/organizador/feriaboutiqueabracadabra
Lafreshferia,Lafreshferia,@lafreshferia,GBA Sur - Berazategui,1 fecha(s) publicadas en EmprenZona (vistas el 06/10/2026): 17/10,https://ferias.emprenzona.com.ar/organizador/lafreshferia
Darkspirit Feria,Darkspirit Feria,@darkspirit.feria,CABA - Centro Histórico (Comuna 1),1 fecha(s) publicadas en EmprenZona (vistas el 06/10/2026): 11/10,https://ferias.emprenzona.com.ar/organizador/darkspirit.feria
Feriamarea Rosario,Feriamarea Rosario,@feriamarea.rosario,Santa Fe - Rosario,1 fecha(s) publicadas en EmprenZona (vistas el 06/10/2026): 08/11,https://ferias.emprenzona.com.ar/organizador/feriamarea.rosario
Feria del Cerro,Feriadeemprendedorescba,@feriadeemprendedorescba,Córdoba - Córdoba Capital,1 fecha(s) publicadas en EmprenZona (vistas el 06/10/2026): 17/10,https://ferias.emprenzona.com.ar/organizador/feriadeemprendedorescba
Feria de Plaza Italia (La Plata),Feria de Plaza Italia La Plata,@feriadeplazaitalialaplata,Buenos Aires - La Plata,"29 fecha(s) publicadas en EmprenZona (vistas el 06/10/2026): 10/10, 11/10, 12/10, 17/10, 18/10, 24/10, 25/10, 31/10, 01/11, 07/11, 08/11, 14/11 …",https://ferias.emprenzona.com.ar/organizador/feriadeplazaitalialaplata
Feria Manos Platenses,Feria Manos Platenses,@feriamanosplatenses,Buenos Aires - La Plata,"29 fecha(s) publicadas en EmprenZona (vistas el 06/10/2026): 10/10, 11/10, 12/10, 17/10, 18/10, 24/10, 25/10, 31/10, 01/11, 07/11, 08/11, 14/11 …",https://ferias.emprenzona.com.ar/organizador/feriamanosplatenses
Expo.feriarotary,Expo.feriarotary,@expo.feriarotary,GBA Norte - San Isidro,1 fecha(s) publicadas en EmprenZona (vistas el 06/10/2026): 17/10,https://ferias.emprenzona.com.ar/organizador/expo.feriarotary
Alternativa Feria — Edición Halloween,Club Cultural Matienzo,@ccmatienzo,CABA - Chacarita y Villa Crespo (Comuna 15),1 fecha(s) publicadas en EmprenZona (vistas el 06/10/2026): 17/10,https://ferias.emprenzona.com.ar/organizador/ccmatienzo
Feria Emo,Feria Emo,@feria_emo,CABA - Flores y Parque Chacabuco (Comuna 7),"20 fecha(s) publicadas en EmprenZona (vistas el 06/10/2026): 10/10, 11/10, 17/10, 18/10, 24/10, 25/10, 31/10, 01/11, 07/11, 08/11, 14/11, 15/11 …",https://ferias.emprenzona.com.ar/organizador/feria_emo
Feria Itinerante OK,Feria Itinerante OK,@feria_itineranteok,GBA Norte - San Miguel,1 fecha(s) publicadas en EmprenZona (vistas el 06/10/2026): 17/10,https://ferias.emprenzona.com.ar/organizador/feria_itineranteok
Feria Ventana Creativa,Feriaventanacreativa,@feriaventanacreativa,CABA - Saavedra y Villa Urquiza (Comuna 12),1 fecha(s) publicadas en EmprenZona (vistas el 06/10/2026): 10/10,https://ferias.emprenzona.com.ar/organizador/feriaventanacreativa
Feriacaib,Feria del CAIB,@feriacaib,GBA Sur - Almirante Brown,1 fecha(s) publicadas en EmprenZona (vistas el 06/10/2026): 11/10,https://ferias.emprenzona.com.ar/organizador/feriacaib
Ojos Negros Feria,Ojos Negros Feria,@ojosnegros.feria,CABA - Chacarita y Villa Crespo (Comuna 15),1 fecha(s) publicadas en EmprenZona (vistas el 06/10/2026): 10/10,https://ferias.emprenzona.com.ar/organizador/ojosnegros.feria
Ke Feria en Plaza Constitución,Ke Feria,@ke.feriaok,CABA - Centro Histórico (Comuna 1),"5 fecha(s) publicadas en EmprenZona (vistas el 06/10/2026): 09/10, 16/10, 23/10, 30/10, 06/11",https://ferias.emprenzona.com.ar/organizador/ke.feriaok
Feria EntreAmigos,Benseluart,@benseluart,gba sur - lomas de zamora,1 fecha(s) publicadas en EmprenZona (vistas el 06/10/2026): 10/10,https://ferias.emprenzona.com.ar/feria/benseluart/feria-entreamigos/2026-10-10
Feria de Emprendedores — Clan Tataipi,Clan Tataipi,@clantataipi,gba norte - san isidro,1 fecha(s) publicadas en EmprenZona (vistas el 06/10/2026): 10/10,https://ferias.emprenzona.com.ar/feria/clantataipi/feria-de-emprendedores-clan-tataipi/2026-10-10
Concepto Feria — Parque Comercial Avellaneda,Conceptoferia,@conceptoferia,gba sur - avellaneda,"2 fecha(s) publicadas en EmprenZona (vistas el 06/10/2026): 07/11, 08/11",https://ferias.emprenzona.com.ar/feria/conceptoferia/concepto-feria-parque-comercial-avellaneda/2026-11-07
Feria Black Edición Halloween,Cruella_de_vil_hell,@cruella_de_vil_hell,caba - centro historico (comuna 1),1 fecha(s) publicadas en EmprenZona (vistas el 06/10/2026): 24/10,https://ferias.emprenzona.com.ar/feria/cruella_de_vil_hell/feria-black-edicion-halloween/2026-10-24
Design Plaza — Feria de Emprendedores,Designplaza.ok,@designplaza.ok,caba - caballito (comuna 6),1 fecha(s) publicadas en EmprenZona (vistas el 06/10/2026): 11/10,https://ferias.emprenzona.com.ar/feria/designplaza.ok/design-plaza-feria-de-emprendedores/2026-10-11
Feria Las Vanerías — Club Vélez de Martínez,Ferialasvanerias,@ferialasvanerias,gba norte - san isidro,1 fecha(s) publicadas en EmprenZona (vistas el 06/10/2026): 14/11,https://ferias.emprenzona.com.ar/feria/ferialasvanerias/feria-las-vanerias-club-velez-de-martinez/2026-11-14
Lumina Feria en Mané Café / Lumina Feria en Valhöll Craft Beer,Lumina Feria,@lumina.feria,gba sur - lomas de zamora,"15 fecha(s) publicadas en EmprenZona (vistas el 06/10/2026): 07/10, 08/10, 09/10, 10/10, 11/10, 14/10, 15/10, 16/10, 17/10, 22/10, 23/10, 24/10 …",https://ferias.emprenzona.com.ar/feria/lumina.feria/lumina-feria-en-mane-cafe/2026-10-07
Mercado de los Lecheros — Feria de Emprendedores / Patio de los Lecheros — Feria de Emprendedores,Mercadodeloslecheros,@mercadodeloslecheros,caba - caballito (comuna 6),"2 fecha(s) publicadas en EmprenZona (vistas el 06/10/2026): 12/10, 25/10",https://ferias.emprenzona.com.ar/feria/mercadodeloslecheros/mercado-de-los-lecheros-feria-de-emprendedores/2026-10-12
Nox Art — Feria de arte y diseño (IV edición),Post Street Bar,@poststreetbar,caba - palermo (comuna 14),1 fecha(s) publicadas en EmprenZona (vistas el 06/10/2026): 14/11,https://ferias.emprenzona.com.ar/feria/poststreetbar/nox-art-feria-de-arte-y-diseno-iv-edicion/2026-11-14
Paseo de Emprendedores de Octubre — Bella Vista,Super.showroom,@super.showroom,gba norte - san miguel,1 fecha(s) publicadas en EmprenZona (vistas el 06/10/2026): 11/10,https://ferias.emprenzona.com.ar/feria/super.showroom/paseo-de-emprendedores-de-bella-vista/2026-10-11
Festiva — Feria en Parque Rivadavia,Wish by Guillermina,@wishbyguillermina,caba - caballito (comuna 6),"2 fecha(s) publicadas en EmprenZona (vistas el 06/10/2026): 10/10, 11/10",https://ferias.emprenzona.com.ar/feria/wishbyguillermina/festiva-feria-en-parque-rivadavia/2026-10-10
Feria Rosario Diseño,Feria Rosario Diseño,@feriarosariodiseno,Rosario,"sin dato (búsqueda ""feria de emprendedores diseño Rosario/Córdoba 2026"" en instagram.com; 778 seguidores según buscador)",https://www.instagram.com/feriarosariodiseno/
Expo Rosario 2026,Expo Rosario,@expo_rosario,Rosario - City Center,2 ediciones 2026 según buscador: 6-7 jun y 14-15 nov (13 a 20 h),https://www.instagram.com/expo_rosario/
Rosario Diseña (comunidad de arte y diseño),Rosario Diseña,@rosario.disena,Rosario,"sin dato (comunidad, 37K seguidores según buscador)",https://www.instagram.com/rosario.disena/
Feria del Bulevar,Feria del Bulevar,@feriadelbulevar,Rosario - Bv. Oroño y Rivadavia,"sin dato (artesanal; ""la feria artesanal más grande de Rosario"" según buscador)",https://www.instagram.com/feriadelbulevar/
Feria de Diseño y Emprendedores (Estación Villa Anita),Ferias Córdoba,@feriascordoba,Córdoba,domingos según buscador (ej. 26/07 en Estación Villa Anita),https://www.instagram.com/feriascordoba/
"Rosario Outlet (5ª edición, 40 marcas rosarinas)",Centro de Expresiones Contemporáneas (CEC) / Municipalidad de Rosario,,Rosario - ex Rural,anual: 29/07 al 02/08/2026 según La Capital,https://www.lacapital.com.ar/la-ciudad/llega-rosario-outlet-habra-prendas-3000-y-participaran-40-marcas-rosarinas-n10271715/amp
Desfile de marcas locales - Mes del Diseño (Pasaje Juramento),Centro de Expresiones Contemporáneas (CEC),,Rosario,"anual (abril, Mes del Diseño) según La Capital 22/04/2026",https://www.lacapital.com.ar/la-ciudad/se-realizara-un-mega-desfile-diseno-local-pasaje-juramento-n10255579.html
