fecha,instagram,nombre_marca,duena,ciudad_barrio,rubro,seguidores,senales_detectadas,tiene_tienda,score,fuente_url,canal_contacto,fecha_mensaje_1,fecha_respuesta,estado,objecion,proximo_paso
2026-10-06,@pijamasderosas,Mariana Reboreda,,,pijamas mujer,,"EZ: ""pijamas romanticos de mujer de diseño en toda la curva de talles del S al XXL""; perfil EmprenZona con boton WhatsApp (wa.me) publicado por la marca | score provisorio (IG no verificado: seguidores y ultimo post sin dato) | tienda verificada 2026-10-11",no,4,https://ferias.emprenzona.com.ar/emprendedor/mariana-reboreda,,,,sin contacto,,
2026-10-06,@delirihos,Delirihos,,,remeras estampadas H/M,,"EZ: ""vendo remeras estampadas de hombre y de mujer fabricadas por nosotros""; perfil EmprenZona con boton WhatsApp (wa.me) publicado por la marca | score provisorio (IG no verificado: seguidores y ultimo post sin dato)",sin dato,4,https://ferias.emprenzona.com.ar/emprendedor/delirihos,,,,sin contacto,,
2026-10-06,@la.caraquenita,La Caraqueñita,Angie.B (firma en perfil EZ),GBA Norte - San Isidro / CABA - Belgrano (2 perfiles EZ),indumentaria femenina,,"EZ: ""Remeras, Blusas, Sweaters, Shorts, Pantalones, Jeans, Carteras y bolsos""; publica precios (Remeras 12000, Sweater 22000, Pantalón Palazo 15000); perfil EmprenZona con boton WhatsApp (wa.me) publicado por la marca | score provisorio (IG no verificado: seguidores y ultimo post sin dato) | tienda verificada 2026-10-11",abandonada,4,https://ferias.emprenzona.com.ar/emprendedores/1110,,,,sin contacto,,
2026-10-06,@vanidad.bta,Bendita Vanidad,,GBA Norte - Pilar,moda femenina,,"EZ: ""Diseñamos moda femenina pensada para acompañar a la mujer real... mujeres de entre 20 y 60 años""; perfil EmprenZona con boton WhatsApp (wa.me) publicado por la marca | score provisorio (IG no verificado: seguidores y ultimo post sin dato) | tienda verificada 2026-10-11",abandonada,4,https://ferias.emprenzona.com.ar/emprendedores/888,,,,sin contacto,,
2026-10-06,@peoplearestrangeoficial,People ARE Strange,,,remeras retro de autor,,"EZ: ""Esta marca produce remeras con estetica retro tanto de rock como de otras temáticas""; perfil EmprenZona con boton WhatsApp (wa.me) publicado por la marca | score provisorio (IG no verificado: seguidores y ultimo post sin dato)",sin dato,4,https://ferias.emprenzona.com.ar/emprendedor/people-are-strange,,,,sin contacto,,
2026-10-06,@pecan.intimates,Pecán,,,lencería,,"EZ: ""Vendemos lenceria de diseño propio, confección artesanal.""; perfil EmprenZona con boton WhatsApp (wa.me) publicado por la marca | score provisorio (IG no verificado: seguidores y ultimo post sin dato)",sin dato,4,https://ferias.emprenzona.com.ar/emprendedor/pecan,,,,sin contacto,,
2026-10-06,@antonietaa.makeup,Antonietaa,"Luna y Antonella (hermanas, según perfil EZ)",,indumentaria femenina + maquillaje,,"EZ: ""vendemos indumentaria femenina de noche/dia, etc.. también tenemos todo tipo de maquillaje""; perfil EmprenZona con boton WhatsApp (wa.me) publicado por la marca | score provisorio (IG no verificado: seguidores y ultimo post sin dato)",sin dato,4,https://ferias.emprenzona.com.ar/emprendedor/antonietaa,,,,sin contacto,,
2026-10-06,@akuaro.ar,Akuaro,,CABA,indumentaria masculina,,"EZ: ""marca de indumentaria masculina de diseño y producción propia en CABA. Trabajamos principalmente musculosas, shorts y prendas urbanas""; perfil EmprenZona con boton WhatsApp (wa.me) publicado por la marca; tiene dominio akuaro.ar (no cargó al verificar) | score provisorio (IG no verificado: seguidores y ultimo post sin dato)",sin dato,4,https://ferias.emprenzona.com.ar/emprendedor/akuaro,,,,sin contacto,,
2026-10-06,@belmas9,belmas,Sandra (según perfil EZ),GBA Norte - San Fernando,indumentaria unisex,,"EZ: ""Indumentaria unisex""; expone en Ferias entre Vecinos (San Isidro); perfil EmprenZona con boton WhatsApp (wa.me) publicado por la marca | score provisorio (IG no verificado: seguidores y ultimo post sin dato)",sin dato,4,https://ferias.emprenzona.com.ar/emprendedor/sandra-belmas-belmas9,,,,sin contacto,,
2026-10-06,@carmela_indian,Carmela indian,,GBA Oeste - Morón,ropa importada de India,,"EZ: ""Vendemos ropa traída de la India... camperas, vestidos largos, vestidos cortos, ponchos, palazos""; perfil EmprenZona con boton WhatsApp (wa.me) publicado por la marca | score provisorio (IG no verificado: seguidores y ultimo post sin dato)",sin dato,4,https://ferias.emprenzona.com.ar/emprendedor/carmela-indian-carmela-indian,,,,sin contacto,,
2026-10-06,@miner.va.indumentaria,Miner Va Indumentaria,,,indumentaria femenina (reventa),,"EZ: ""Nos dedicamos a la reventa de ropa""; perfil EmprenZona con boton WhatsApp (wa.me) publicado por la marca | score provisorio (IG no verificado: seguidores y ultimo post sin dato)",sin dato,4,https://ferias.emprenzona.com.ar/emprendedor/miner-va-indumentaria-miner-va-indumentaria,,,,sin contacto,,
2026-10-06,@vankazapatos,Vanka,,CABA - Belgrano/Núñez/Colegiales,calzado urbano mujer,,"EZ: ""Diseño y fabrico calzado de estilo urbano para mujeres""; expone en ferias de Parque Chacabuco, San Telmo, Parque Los Andes, Plaza Riccheri, Plaza Cortázar; perfil EmprenZona con boton WhatsApp (wa.me) publicado por la marca | score provisorio (IG no verificado: seguidores y ultimo post sin dato)",sin dato,4,https://ferias.emprenzona.com.ar/emprendedor/vanka-vankazapatos,,,,sin contacto,,
2026-10-06,@santosbambinos,Santos bambinos,,,ropa infantil 2 a 12,,"EZ: ""Vendo ropa de niños de 2 a 12 años""; perfil EmprenZona con boton WhatsApp (wa.me) publicado por la marca | score provisorio (IG no verificado: seguidores y ultimo post sin dato)",sin dato,4,https://ferias.emprenzona.com.ar/emprendedor/santos-bambinos-santosbambinos,,,,sin contacto,,
2026-10-06,@asiesamarlenceria,Así es amar (perfil Milena Vallejo),Milena Vallejo (perfil EZ),CABA - Palermo,lencería,,"EZ: ""Vendo Lenceria de diseño, fabricada artesanalmente""; expone en EL MERCADITO (Palermo); perfil EmprenZona con boton WhatsApp (wa.me) publicado por la marca | score provisorio (IG no verificado: seguidores y ultimo post sin dato)",sin dato,4,https://ferias.emprenzona.com.ar/emprendedor/milena-vallejo-asiesamarlenceria,,,,sin contacto,,
2026-10-06,@gittemoda,Gitte,,,lencería menstrual,,"EZ: ""Fabricamos lenceria menstrual y para incontnencia""; perfil EmprenZona con boton WhatsApp (wa.me) publicado por la marca | score provisorio (IG no verificado: seguidores y ultimo post sin dato)",sin dato,4,https://ferias.emprenzona.com.ar/emprendedor/gittemoda-gittemoda,,,,sin contacto,,
2026-10-06,@chaos.studio.wear,Chaos,,CABA - Palermo,remeras de diseño,,"EZ: ""Vendemos remeras con diseños exclusivos y además, acabamos de sumar billeteras y carteras""; expone en EL MERCADITO; perfil EmprenZona con boton WhatsApp (wa.me) publicado por la marca | score provisorio (IG no verificado: seguidores y ultimo post sin dato)",sin dato,4,https://ferias.emprenzona.com.ar/emprendedor/chaos-chaos-studio-wear,,,,sin contacto,,
2026-10-06,@vilmorurbano,Vilmor,,GBA Oeste - San Antonio de Padua,indumentaria,,"EZ: rubro ""Indumentaria"", descripción ""San Anonio de Padua.""; perfil EmprenZona con boton WhatsApp (wa.me) publicado por la marca | score provisorio (IG no verificado: seguidores y ultimo post sin dato)",sin dato,4,https://ferias.emprenzona.com.ar/emprendedor/vilmorurbano,,,,sin contacto,,
2026-10-06,@by.changes,By Changes,,La Plata,indumentaria y accesorios,,"EZ: ""Indumentaria, accesorios. Algunas prendas son bajo pedido.""; perfil EmprenZona con boton WhatsApp (wa.me) publicado por la marca | score provisorio (IG no verificado: seguidores y ultimo post sin dato)",sin dato,4,https://ferias.emprenzona.com.ar/emprendedor/by-changes,,,,sin contacto,,
2026-10-06,@indumen_lya,indumentaria L&A,,,medias e indumentaria,,"EZ: ""Medias Amanecer mayor (niños y más). Indumentaria.""; perfil EmprenZona con boton WhatsApp (wa.me) publicado por la marca | score provisorio (IG no verificado: seguidores y ultimo post sin dato)",sin dato,4,https://ferias.emprenzona.com.ar/emprendedor/indumen-lya,,,,sin contacto,,
2026-10-06,@nandita.arg,Nandita,,CABA & GBA,indumentaria de diseño,,"EZ: ""Ediciones limitadas inspiradas en la belleza de la India. Diseñadas y hechas artesanalmente en Buenos Aires. CABA & GBA.""; perfil EmprenZona con boton WhatsApp (wa.me) publicado por la marca; dominio nandita.ar (no cargó al verificar) | score provisorio (IG no verificado: seguidores y ultimo post sin dato)",sin dato,4,https://ferias.emprenzona.com.ar/emprendedor/nandita-arg,,,,sin contacto,,
2026-10-06,@store.regina_,Regina,,GBA Oeste - La Matanza,moda mujer,,"EZ: ""Moda para Mujeres Reales. Casual, Elegante, Deportiva.""; perfil EmprenZona con boton WhatsApp (wa.me) publicado por la marca | score provisorio (IG no verificado: seguidores y ultimo post sin dato) | tienda verificada 2026-10-11",abandonada,4,https://ferias.emprenzona.com.ar/emprendedor/store-regina,,,,sin contacto,,
2026-10-06,@gabyokim,gabriela,,CABA - Flores,ropa por mayor,,"EZ: ""yo vendo ropa al por mayor en flores y tengo algunos abrigos que necesito vender a muy buen precio""; perfil EmprenZona con boton WhatsApp (wa.me) publicado por la marca | score provisorio (IG no verificado: seguidores y ultimo post sin dato)",sin dato,4,https://ferias.emprenzona.com.ar/emprendedor/gabyokim,,,,sin contacto,,
2026-10-06,@vestis.rg,Vestis,Miguel Angel Rivas Gonzalez (perfil EZ),,"buzos, pantalones y remeras",,"EZ: ""Manejo venta de buzos, pantalones y remeras de mi propia marca. Estilo minimalista y urbano""; perfil EmprenZona con boton WhatsApp (wa.me) publicado por la marca | score provisorio (IG no verificado: seguidores y ultimo post sin dato) | tienda verificada 2026-10-11",no,4,https://ferias.emprenzona.com.ar/emprendedor/vestis-rg,,,,sin contacto,,
2026-10-06,@aeriasport.ok,Aeria sport,,,ropa deportiva femenina,,"EZ: ""Vendo ropa deportiva femenina y bolsos deportivos""; perfil EmprenZona con boton WhatsApp (wa.me) publicado por la marca | score provisorio (IG no verificado: seguidores y ultimo post sin dato)",sin dato,4,https://ferias.emprenzona.com.ar/emprendedor/aeriasport-ok,,,,sin contacto,,
2026-10-06,@morenaregaleria,MorenaaRegaleria,,,"medias, poleras, térmicas",,"EZ: ""tengo medias poleras camisetas térmicas""; perfil EmprenZona con boton WhatsApp (wa.me) publicado por la marca | score provisorio (IG no verificado: seguidores y ultimo post sin dato)",sin dato,4,https://ferias.emprenzona.com.ar/emprendedor/morenaregaleria,,,,sin contacto,,
2026-10-06,@ummatiendaderopa,Umma Tienda de Ropa,,,indumentaria femenina,,"EZ: ""Indumentaria femenina , perfumes Victoria’s Secret""; perfil EmprenZona con boton WhatsApp (wa.me) publicado por la marca | score provisorio (IG no verificado: seguidores y ultimo post sin dato)",sin dato,4,https://ferias.emprenzona.com.ar/emprendedor/ummatiendaderopa,,,,sin contacto,,
2026-10-06,@the.sunrize.indumentary.r.l,THE SUNRIZE,,,indumentaria unisex,,"EZ: ""Indumentaria unisex, casual y formal""; sin WhatsApp en perfil | score provisorio (IG no verificado: seguidores y ultimo post sin dato)",sin dato,4,https://ferias.emprenzona.com.ar/emprendedor/the-sunrize,,,,sin contacto,,
2026-10-06,@brunna.lenceria,Brunna,,GBA Sur - Quilmes,lencería y básicos,,"EZ: ""Lencería & Básicos para sentirte linda y cómoda."" | score provisorio (IG no verificado: seguidores y ultimo post sin dato)",sin dato,4,https://ferias.emprenzona.com.ar/emprendedor/brunna-lenceria,,,,sin contacto,,
2026-10-06,@atelierliajusto,Atelier Lía Justo,,GBA Sur - Lomas de Zamora,indumentaria y accesorios,,"EZ: ""Atelier Lía Justo. Indumentaria. Accesorios.""; expone en 4 ferias de zona sur en octubre (Club ECA, Cazara, Espacio Azalia, Ferias en zona sur) | score provisorio (IG no verificado: seguidores y ultimo post sin dato)",sin dato,4,https://ferias.emprenzona.com.ar/emprendedor/atelierliajusto,,,,sin contacto,,
2026-10-06,@tisha_ind,Tisha Ind,,CABA - Villa Crespo / Monte Grande,indumentaria gótica/alternativa,,"EZ: ""Indumentaria y accesorios Gotico/alternativo. Tienda física en Monte Grande.""; expone en Ojos Negros Feria | score provisorio (IG no verificado: seguidores y ultimo post sin dato)",sin dato,4,https://ferias.emprenzona.com.ar/emprendedor/tisha-ind,,,,sin contacto,,
2026-10-06,@patas.chidas,Patas Chidas,,CABA - Chacarita/Villa Crespo,medias,,"EZ: ""Medias de tus personajes favoritos.""; expone en Ojos Negros Feria | score provisorio (IG no verificado: seguidores y ultimo post sin dato)",sin dato,4,https://ferias.emprenzona.com.ar/emprendedor/patas-chidas,,,,sin contacto,,
2026-10-06,@salem_colors_tienda,Salem Colors Tienda,,CABA - Chacarita/Villa Crespo,ropa y accesorios,,"EZ: ""Tienda de Ropa y Accesorios. Ventas por mayor y menor.""; expone en Ojos Negros Feria | score provisorio (IG no verificado: seguidores y ultimo post sin dato)",sin dato,4,https://ferias.emprenzona.com.ar/emprendedor/salem-colors-tienda,,,,sin contacto,,
2026-10-06,@cielo.modainfantil,Cielo Modainfantil,,GBA Sur - Quilmes,ropa infantil,,"EZ: ""Ropa cómoda para los pekes."" | score provisorio (IG no verificado: seguidores y ultimo post sin dato)",sin dato,4,https://ferias.emprenzona.com.ar/emprendedor/cielo-modainfantil,,,,sin contacto,,
2026-10-06,@suvidaesbella,Suvidaesbella,,GBA Sur - Quilmes,pijamas,,"EZ: ""Suvidaesbella/Pijamas... Pijamas, accesorios y más."" | score provisorio (IG no verificado: seguidores y ultimo post sin dato)",sin dato,4,https://ferias.emprenzona.com.ar/emprendedor/suvidaesbella,,,,sin contacto,,
2026-10-06,@vybes.sport,Vybes Sport,,Córdoba - Cruz del Eje,indumentaria deportiva,,"EZ: ""Indumentaria deportiva de alto rendimiento."" | score provisorio (IG no verificado: seguidores y ultimo post sin dato)",sin dato,4,https://ferias.emprenzona.com.ar/emprendedor/vybes-sport,,,,sin contacto,,
2026-10-06,@tiendacharly.g,Tiendacharly G,,GBA Sur - Lanús,uniformes colegio/delantales,,"EZ: ""Indumentaria colegio/delantales. Accesorios mercería en general."" | score provisorio (IG no verificado: seguidores y ultimo post sin dato)",sin dato,4,https://ferias.emprenzona.com.ar/emprendedor/tiendacharly-g,,,,sin contacto,,
2026-10-06,@littleboutique.ba,Littleboutique Ba,,GBA Sur - Lanús,ropa de bebé,,"EZ: ""Prendas suaves, cómodas y delicadas para acompañar cada momento de tu bebé.""; expone en Lumina Feria (Lomas/Lanús, 6 fechas en oct) | score provisorio (IG no verificado: seguidores y ultimo post sin dato)",sin dato,4,https://ferias.emprenzona.com.ar/emprendedor/littleboutique-ba,,,,sin contacto,,
2026-10-06,@empora.lenceria,Empora Lencería,,GBA Sur - Lanús,lencería,,"EZ: ""Lencería para mujeres poderosas.""; expone en Lumina Feria | score provisorio (IG no verificado: seguidores y ultimo post sin dato)",sin dato,4,https://ferias.emprenzona.com.ar/emprendedor/empora-lenceria,,,,sin contacto,,
2026-10-06,@hollytienda_,Holly tienda,Rocío (perfil EZ),GBA Sur - Lanús,indumentaria y cosmética,,"EZ: rubro ""Indumentaria, Cosmética""; perfil EmprenZona con boton WhatsApp (wa.me) publicado por la marca | score provisorio (IG no verificado: seguidores y ultimo post sin dato)",sin dato,4,https://ferias.emprenzona.com.ar/emprendedor/hollytienda,,,,sin contacto,,
2026-10-06,@ganeshabanfield,Ganesha Banfield,,GBA Sur - Lanús,indumentaria + velas,,"EZ: rubro ""Indumentaria, Velas y aromas"" | score provisorio (IG no verificado: seguidores y ultimo post sin dato)",sin dato,4,https://ferias.emprenzona.com.ar/emprendedor/ganeshabanfield,,,,sin contacto,,
2026-10-06,@lenceriavico,Vico Lencería,,,lencería mujer y niños,,"EZ: ""Vico Lencería ropa interior para mujeres y niños"" | score provisorio (IG no verificado: seguidores y ultimo post sin dato)",sin dato,4,https://ferias.emprenzona.com.ar/emprendedor/vico-lenceria,,,,sin contacto,,
2026-10-06,@mammamialenceriadediseno,Mamma Mía lencería de diseño,,,lencería talles grandes,,"EZ: ""Diseño y confección de lencería femenina, hasta el talle 130 inclusive."" | score provisorio (IG no verificado: seguidores y ultimo post sin dato)",sin dato,4,https://ferias.emprenzona.com.ar/emprendedor/mamma-mia-lenceria-de-diseno,,,,sin contacto,,
2026-10-06,@almen__lenceria,Almendra Lencería,,,lencería,,"EZ: ""Lencería de fabricación propia"" | score provisorio (IG no verificado: seguidores y ultimo post sin dato)",sin dato,4,https://ferias.emprenzona.com.ar/emprendedor/almendra-lenceria,,,,sin contacto,,
2026-10-06,@somosfloricia,FLORICIA,,,calzado y accesorios,,"EZ: ""Zapatos y accesorios llenos de color.""; perfil EmprenZona con boton WhatsApp (wa.me) publicado por la marca | score provisorio (IG no verificado: seguidores y ultimo post sin dato)",sin dato,4,https://ferias.emprenzona.com.ar/emprendedor/somosfloricia,,,,sin contacto,,
2026-10-06,@tossashoes,Tossa,,CABA - Palermo,botas y texanas,,"EZ: ""Fabricantes directos. Botas y texanas de cuero genuino.""; expone en EL MERCADITO | score provisorio (IG no verificado: seguidores y ultimo post sin dato)",sin dato,4,https://ferias.emprenzona.com.ar/emprendedor/tossashoes,,,,sin contacto,,
2026-10-06,@kusisqa_tejidas,Kusisqa Tejidas,,GBA Sur - Lanús,prendas tejidas a máquina,,"EZ: ""Realizo prendas tejidas a máquina.""; expone en Ferias Zona Sur 17/10 | score provisorio (IG no verificado: seguidores y ultimo post sin dato)",sin dato,4,https://ferias.emprenzona.com.ar/emprendedor/kusisqa-tejidas,,,,sin contacto,,
2026-10-06,@ponetelinda.byflor,PoneteLinda,Florencia (perfil EZ),CABA - Flores,indumentaria dama + accesorios,,"EZ: ""Me dedico hacer venta online, de indumentaria de dama y algunos accesorios""; perfil EmprenZona con boton WhatsApp (wa.me) publicado por la marca | score provisorio (IG no verificado: seguidores y ultimo post sin dato) | tienda verificada 2026-10-11",abandonada,4,https://ferias.emprenzona.com.ar/emprendedor/florencia-ponetelinda-ponetelinda-byflor,,,,sin contacto,,
2026-10-06,@libre.bsas,LIBRE,,CABA - Almagro/Boedo,remeras y bodies estampados,,"EZ: ""creamos diseños propios y originales... remeras estampadas para todo género y edad""; perfil EmprenZona con boton WhatsApp (wa.me) publicado por la marca; web propia librebsas.com.ar con checkout (sitio estático en Netlify) | score provisorio (IG no verificado: seguidores y ultimo post sin dato)",activa:web propia (no Tiendanube),4,https://ferias.emprenzona.com.ar/emprendedores/928,,,,sin contacto,,
2026-10-06,@sydney.shop_,Sydney Shop,"@bri.micaeela (""By:"" en bio copiada a EZ)",GBA Sur - Lanús,ropa hombre y mujer,,"EZ (bio): ""Ropa de Hombre y Mujer | Outfits cómodos y en tendencia | By: @bri.micaeela | Envíos a todo el país""; su tienda sydneyshop.tiendanegocio.com muestra ""Este sitio está temporalmente suspendido.""; expone en Lumina Feria (6 fechas oct) | score provisorio (IG no verificado: seguidores y ultimo post sin dato) | tienda verificada 2026-10-11",abandonada,5,https://ferias.emprenzona.com.ar/emprendedor/sydney-shop,,,,sin contacto,,
2026-10-06,@getwildar,GET WILD!,Agostina Trovato y Gabriela Rivero,,indumentaria de bambú,,"nota PD: ""indumentaria de fibra natural de bambú... básicos de la Colección Atemporal -incluye remeras, camisetas, musculosas, vestidos, pantalones, ropa interior, medias-""; expositor Feria Puro Diseño 2026 (La Rural, 9-11/10): ir al stand | score provisorio (IG no verificado: seguidores y ultimo post sin dato) | tienda verificada 2026-10-11",activa:tiendanube,4,https://purodiseno.lat/tendencias/26-expositores-de-feria-puro-diseno-2026-crear-innovar-y-emprender/,,,,sin contacto,,
2026-10-06,@lilianalongueirazapatos,Liliana Longueira,Liliana Longueira,CABA - Palermo (atelier),calzado de autor,,"nota PD: ""Zapatos de autor confeccionados artesanalmente en cuero... Desde su atelier en Palermo""; expositor Feria Puro Diseño 2026 (La Rural, 9-11/10): ir al stand | score provisorio (IG no verificado: seguidores y ultimo post sin dato)",sin dato,4,https://purodiseno.lat/tendencias/26-expositores-de-feria-puro-diseno-2026-crear-innovar-y-emprender/,,,,sin contacto,,
2026-10-06,@sietetientos,Siete Tientos,,,prendas y accesorios de cuero,,"nota PD: ""presentará tops y carteras, en cuero... con especial atención al calce""; expositor Feria Puro Diseño 2026 (La Rural, 9-11/10): ir al stand | score provisorio (IG no verificado: seguidores y ultimo post sin dato) | tienda verificada 2026-10-11",activa:tiendanube,4,https://purodiseno.lat/tendencias/26-expositores-de-feria-puro-diseno-2026-crear-innovar-y-emprender/,,,,sin contacto,,
2026-10-06,@veka_cueros,Veka Cueros,Verónica Esperon,,indumentaria y marroquinería de cuero,,"nota PD: ""el chaleco QUEEN de diseño escultórico, la minifalda AVRIL y el top/faja TINI""; expositor Feria Puro Diseño 2026 (La Rural, 9-11/10): ir al stand | score provisorio (IG no verificado: seguidores y ultimo post sin dato) | tienda verificada 2026-10-11",activa:empretienda,4,https://purodiseno.lat/tendencias/26-expositores-de-feria-puro-diseno-2026-crear-innovar-y-emprender/,,,,sin contacto,,
2026-10-06,@honratuflash,Honrá tu Flash,Mara Gabriel y Belén Cavanagh,,indumentaria + velas,,"nota PD: ""prendas de siluetas amplias —como pantalones, camisas, vestidos y gorras-pañuelo—""; expositor Feria Puro Diseño 2026 (La Rural, 9-11/10): ir al stand | score provisorio (IG no verificado: seguidores y ultimo post sin dato) | tienda verificada 2026-10-11",activa:tiendanube,4,https://purodiseno.lat/tendencias/26-expositores-de-feria-puro-diseno-2026-disenadores-y-artistas-camino-a-la-rural/,,,,sin contacto,,
2026-10-06,@ilimitadasoficial,Ilimitadas,,,indumentaria femenina,,"nota PD: ""indumentaria femenina atemporal y versátil producida en Argentina... lino, denim""; expositor Feria Puro Diseño 2026 (La Rural, 9-11/10): ir al stand | score provisorio (IG no verificado: seguidores y ultimo post sin dato) | tienda verificada 2026-10-11",activa:tiendanube,4,https://purodiseno.lat/tendencias/26-expositores-de-feria-puro-diseno-2026-disenadores-y-artistas-camino-a-la-rural/,,,,sin contacto,,
2026-10-06,@almassgemelass,Almas Gemelas,,,alpargatas y pantuflas,,"nota PD: ""marca de alpargatas y pantuflas... la mamá... diseño, sus hijas llevan adelante la fotografía, el contenido y la comunicación en redes, y el papá se ocupa de la fabricación""; expositor Feria Puro Diseño 2026 (La Rural, 9-11/10): ir al stand | score provisorio (IG no verificado: seguidores y ultimo post sin dato)",sin dato,4,https://purodiseno.lat/tendencias/26-expositores-de-feria-puro-diseno-2026-el-arte-y-oficio-de-emprender/,,,,sin contacto,,
2026-10-06,@julieta_ganum,Julieta Ganum Clothing,Julieta Ganum,,indumentaria con randa tucumana,,"nota PD: ""incorpora la randa... a sus diseños de indumentaria artesanal""; expositor Feria Puro Diseño 2026 (La Rural, 9-11/10): ir al stand | score provisorio (IG no verificado: seguidores y ultimo post sin dato) | tienda verificada 2026-10-11",activa:tiendanube,4,https://purodiseno.lat/tendencias/26-expositores-de-feria-puro-diseno-2026-el-arte-y-oficio-de-emprender/,,,,sin contacto,,
2026-10-06,@analoge.a,Analoge,,,indumentaria,,"nota PD: ""Nació en noviembre de 2025 dentro de una empresa familiar... equipo de 16 personas... pantalones sastreros de gabardina... remeras básicas 100% algodón"" (equipo grande: verificar fit); expositor Feria Puro Diseño 2026 (La Rural, 9-11/10): ir al stand | score provisorio (IG no verificado: seguidores y ultimo post sin dato)",sin dato,4,https://purodiseno.lat/tendencias/26-expositores-de-feria-puro-diseno-2026-el-arte-y-oficio-de-emprender/,,,,sin contacto,,
2026-10-06,@concepcion.b.a,Concepción B.A,dos hermanas (sin nombre en la nota),,indumentaria femenina,,"nota PD: ""Nació hace dos años, de la mano de dos hermanas... prendas pensadas para distintos cuerpos""; expositor Feria Puro Diseño 2026 (La Rural, 9-11/10): ir al stand | score provisorio (IG no verificado: seguidores y ultimo post sin dato) | tienda verificada 2026-10-11",activa:tiendanube,4,https://purodiseno.lat/tendencias/26-expositores-de-feria-puro-diseno-2026-el-arte-y-oficio-de-emprender/,,,,sin contacto,,
2026-10-06,@jesusfernandez.official,Jesús Fernández,María Jesús Fernández Grippo y Alejandro Lanzetti,,lencería,,"nota PD: ""marca argentina de lencería creada -en 2003-... bodies, bustiers, corsets, tops y vestidos"" (marca con trayectoria: puede tener tienda); expositor Feria Puro Diseño 2026 (La Rural, 9-11/10): ir al stand | score provisorio (IG no verificado: seguidores y ultimo post sin dato)",sin dato,4,https://purodiseno.lat/tendencias/26-expositores-de-feria-puro-diseno-2026-el-paseo-de-la-creatividad-hecha-en-argentina/,,,,sin contacto,,
2026-10-06,@macarenagarcia.ar,Macarena García,Macarena García,,"indumentaria (pilotos, camperas)",,"nota PD: ""presentará pilotos, trenchs, camperas, bombers, polleras... producidos en series pequeñas""; expositor Feria Puro Diseño 2026 (La Rural, 9-11/10): ir al stand | score provisorio (IG no verificado: seguidores y ultimo post sin dato) | tienda verificada 2026-10-11",activa:tiendanube,4,https://purodiseno.lat/tendencias/26-expositores-de-feria-puro-diseno-2026-el-paseo-de-la-creatividad-hecha-en-argentina/,,,,sin contacto,,
2026-10-06,@mlparani,ML para Niños,madre e hija (sin nombre en la nota),Corrientes,moda infantil,,"nota PD: ""marca de moda infantil creada en Corrientes a fines de 2020 por una dupla madre + hija. Produce vestidos, camisas, pantalones, trajes de baño, suéteres, camperas""; expositor Feria Puro Diseño 2026 (La Rural, 9-11/10): ir al stand | score provisorio (IG no verificado: seguidores y ultimo post sin dato) | tienda verificada 2026-10-11",activa:tiendanube,4,https://purodiseno.lat/tendencias/26-expositores-de-feria-puro-diseno-2026-imperfectamente-humanos-increiblemente-creativos/,,,,sin contacto,,
2026-10-06,@reptiz.brand,Reptiz,Paula,,"indumentaria de autor (denim, cuero)",,"nota PD: ""explorando textiles como denim, cuero, y algodón. Cada pieza tiene un acabado manual""; expositor Feria Puro Diseño 2026 (La Rural, 9-11/10): ir al stand | score provisorio (IG no verificado: seguidores y ultimo post sin dato)",sin dato,4,https://purodiseno.lat/tendencias/26-expositores-de-feria-puro-diseno-2026-imperfectamente-humanos-increiblemente-creativos/,,,,sin contacto,,
2026-10-06,@rocascompany,Rocas Company,,Mar del Plata,calzado y carteras sin cuero,,"nota PD: ""fundada en 2009 en Mar del Plata, dedicada al diseño y la producción artesanal de calzado y carteras sin cuero animal""; expositor Feria Puro Diseño 2026 (La Rural, 9-11/10): ir al stand | score provisorio (IG no verificado: seguidores y ultimo post sin dato)",sin dato,4,https://purodiseno.lat/tendencias/26-expositores-de-feria-puro-diseno-2026-imperfectamente-humanos-increiblemente-creativos/,,,,sin contacto,,
2026-10-06,@u.baires_,Ubaires,,,indumentaria femenina de lino,,"nota PD: ""marca de indumentaria femenina especializada en prendas de lino""; expositor Feria Puro Diseño 2026 (La Rural, 9-11/10): ir al stand | score provisorio (IG no verificado: seguidores y ultimo post sin dato) | tienda verificada 2026-10-11",activa:tiendanube,4,https://purodiseno.lat/tendencias/26-expositores-de-feria-puro-diseno-2026-imperfectamente-humanos-increiblemente-creativos/,,,,sin contacto,,
2026-10-06,@mariette.boutique,Mariette,,,zapatos y carteras de cuero,,"nota PD: ""marca de zapatos y carteras de cuero... en ediciones limitadas... sandalias""; expositor Feria Puro Diseño 2026 (La Rural, 9-11/10): ir al stand | score provisorio (IG no verificado: seguidores y ultimo post sin dato)",sin dato,4,https://purodiseno.lat/tendencias/26-expositores-de-feria-puro-diseno-2026-la-celebracion-de-la-creatividad-hecha-en-argentina/,,,,sin contacto,,
2026-10-06,@nesacarter,Nesa Carter,,,básicos de lino,,"nota PD: ""Desarrolla básicos atemporales a partir de textiles nobles... especialmente el lino""; expositor Feria Puro Diseño 2026 (La Rural, 9-11/10): ir al stand | score provisorio (IG no verificado: seguidores y ultimo post sin dato) | tienda verificada 2026-10-11",activa:tiendanube,4,https://purodiseno.lat/tendencias/26-expositores-de-feria-puro-diseno-2026-la-celebracion-de-la-creatividad-hecha-en-argentina/,,,,sin contacto,,
2026-10-06,@soyestozapatitas,Soy Esto Zapatitas,,,zapatos de cuero hechos a mano,,"nota PD: ""Zapatos de diseño hechos a mano en cuero""; expositor Feria Puro Diseño 2026 (La Rural, 9-11/10): ir al stand | score provisorio (IG no verificado: seguidores y ultimo post sin dato)",sin dato,4,https://purodiseno.lat/tendencias/26-expositores-de-feria-puro-diseno-2026-la-celebracion-de-la-creatividad-hecha-en-argentina/,,,,sin contacto,,
2026-10-06,@chavelashoes,Chavela,Estefania Campos Agradi,,"calzado, indumentaria y marroquinería en cuero",,"nota PD: ""crear calzado, indumentaria, marroquinería y accesorios todo en cuero... alpargatas y chalecos""; expositor Feria Puro Diseño 2026 (La Rural, 9-11/10): ir al stand | score provisorio (IG no verificado: seguidores y ultimo post sin dato)",sin dato,4,https://purodiseno.lat/tendencias/26-expositores-de-feria-puro-diseno-2026-vuelta-por-el-universo-creativo-y-emprendedor/,,,,sin contacto,,
2026-10-06,@bonjourpetit.oficial,Bonjour Petit,Lucia Bergel,Santa Fe (origen de la diseñadora),indumentaria infantil,,"nota PD: ""marca de indumentaria infantil creada por la diseñadora Lucia Bergel, oriunda de Santa Fe""; expositor Feria Puro Diseño 2026 (La Rural, 9-11/10): ir al stand | score provisorio (IG no verificado: seguidores y ultimo post sin dato) | tienda verificada 2026-10-11",abandonada,4,https://purodiseno.lat/tendencias/26-expositores-de-la-feria-puro-diseno-2026-elegimos-emprender/,,,,sin contacto,,
2026-10-06,@marianaarbusti_lingerie,Mariana Arbusti Lingerie,Mariana Inés Arbusti,,lencería y corsetería,,"nota PD: ""Fundada en 2007... sus colecciones incluyen lencería, corsetería y accesorios""; expositor Feria Puro Diseño 2026 (La Rural, 9-11/10): ir al stand | score provisorio (IG no verificado: seguidores y ultimo post sin dato)",sin dato,4,https://purodiseno.lat/tendencias/conoce-a-los-expositores-de-feria-puro-diseno-2026-creativos-y-valientes/,,,,sin contacto,,
2026-10-06,@somos.fena,Somos Fena,Rocío y Rodrigo,,disfraces infantiles y mochilas,,"nota PD: ""Su colección incluye disfraces y mochilas confeccionados artesanalmente... series limitadas""; expositor Feria Puro Diseño 2026 (La Rural, 9-11/10): ir al stand | score provisorio (IG no verificado: seguidores y ultimo post sin dato)",sin dato,4,https://purodiseno.lat/tendencias/26-expositores-de-feria-puro-diseno-2026-imperfectamente-humanos-increiblemente-creativos/,,,,sin contacto,,
2026-10-06,@piu.presto,Più Presto,Liliana y Claudio,,delantales (prenda de trabajo),,"nota PD: ""desarrolló el Delantal Inteligente... sistema de sujeción único, original y patentado""; expositor Feria Puro Diseño 2026 (La Rural, 9-11/10): ir al stand | score provisorio (IG no verificado: seguidores y ultimo post sin dato)",sin dato,4,https://purodiseno.lat/tendencias/conoce-a-los-expositores-de-feria-puro-diseno-2026-la-belleza-de-lo-artesanal/,,,,sin contacto,,
2026-10-06,@alma_rebelde.ok,Alma Rebelde,Nora García y Gabriela Seijo,,pañuelos y chalinas,,"nota PD: ""marca de pañuelos y chalinas... Confeccionadas en seda y satén"" (accesorio textil sin talle); expositor Feria Puro Diseño 2026 (La Rural, 9-11/10): ir al stand | score provisorio (IG no verificado: seguidores y ultimo post sin dato)",sin dato,4,https://purodiseno.lat/tendencias/26-expositores-de-feria-puro-diseno-2026-crear-innovar-y-emprender/,,,,sin contacto,,
2026-10-06,@africaniaok,Africanía,Angélica Machado Copete,,turbantes y pañuelos,,"nota PD: ""A través de turbantes, pañuelos, collares y objetos ilustrados"" (accesorio textil sin talle); expositor Feria Puro Diseño 2026 (La Rural, 9-11/10): ir al stand | score provisorio (IG no verificado: seguidores y ultimo post sin dato)",sin dato,4,https://purodiseno.lat/tendencias/26-expositores-de-feria-puro-diseno-2026-crear-innovar-y-emprender/,,,,sin contacto,,
2026-10-06,@my_closet.ar,My Closet,,San Pedro (BA) [hip: prefijo 3329 del WhatsApp],ropa (shop online),,"Linktree: ""Para pedidos comunicarse al MD del IG o WhatsApp.""; único link: Facebook (sin tienda) | score provisorio (IG no verificado: seguidores y ultimo post sin dato) | tienda verificada 2026-10-11",no,6,https://linktr.ee/my_closet.ar,,,,sin contacto,,
2026-10-06,@t.i.e.n.d.a.r,TIENDA R,,GBA Norte - Ingeniero Maschwitz,indumentaria familiar todos los talles,,"Linktree: ""Somos un local de indumentaria para toda la familia! todas las edades y talles.""; links: WhatsApp, Maps, IG, FB (sin tienda online) | score provisorio (IG no verificado: seguidores y ultimo post sin dato) | tienda verificada 2026-10-11",no,5,https://linktr.ee/tienda.r,,,,sin contacto,,
2026-10-06,@indumentaria.laposta,Indumentaria La Posta,,[sin dato; WhatsApp con prefijo 11],ropa de campo,,"Linktree: ""Ropa directo del campo a la ciudad""; links: ""CATALOGO"" (Google Drive), ""GUIA DE TALLES"" (Google Drive), ""CONTACTO"" (wa.me) | score provisorio (IG no verificado: seguidores y ultimo post sin dato) | tienda verificada 2026-10-11",no,6,https://linktr.ee/indumentaria.laposta,,,,sin contacto,,
2026-10-06,@carola_chic,Carola Chic,,Córdoba,conjuntos y bikinis,,"Linktree: ""Conjuntos & bikinis que realzan tu esencia... 📍Córdoba 🚚 Envíos 💌 Pedi el Catálogo""; links: sólo Instagram y WhatsApp | score provisorio (IG no verificado: seguidores y ultimo post sin dato) | tienda verificada 2026-10-11",no,6,https://linktr.ee/carola,,,,sin contacto,,
2026-10-06,@lolaindumentariarosario,Lola Indumentaria Rosario,,Rosario,indumentaria,,"Linktree: ""Contáctanos por aqui!!!""; links: sólo WhatsApp, Instagram, TikTok (sin tienda) | score provisorio (IG no verificado: seguidores y ultimo post sin dato) | tienda verificada 2026-10-11",no,5,https://linktr.ee/Lolaindumentariarosario,,,,sin contacto,,
2026-10-06,@disenado_para_vos,Diseñado Para Vos,,Rosario,guardapolvos/ambos docentes,,"Linktree: ""Hace 24 años vistiendo a quienes educan 👩‍🏫 Modelos PERSONALIZADOS. 📍 Rosario - Envíos a todo el país""; links: ""Mirá nuestros Modelos"", Instagram, ""Chatea conmigo"" (wa.me) | score provisorio (IG no verificado: seguidores y ultimo post sin dato) | tienda verificada 2026-10-11",no,5,https://linktr.ee/disenadoparavos,,,,sin contacto,,
2026-10-06,,Piero De Monzi (Linktree pierodemonzi; IG no enlazado),,CABA - Bahía Blanca 1262 (Floresta),camisas hombre (fabricante mayorista),,"Linktree: ""SOMOS FABRICANTES DE CAMISAS DE HOMBRE. VENTA POR MAYOR A TODO EL PAIS""; links: ""WHATSAPP MAYORISTA"" (catálogo wa.me/c) y dirección; sin tienda | score provisorio (IG no verificado: seguidores y ultimo post sin dato)",no,6,https://linktr.ee/pierodemonzi,,,,sin contacto,,
2026-10-06,@shoesnueva.cordoba,Shoes Arg - Nueva Córdoba,,Córdoba - Nueva Córdoba,zapatillas (showroom),,"Linktree: ""El showroom de tus zapatillas favoritas""; ""Agenda aca tu cita"" (wa.link); ""Compra desde tu casa"" -> Tiendanube (cantidad de productos sin verificar) | score provisorio (IG no verificado: seguidores y ultimo post sin dato)",activa:tiendanube,4,https://linktr.ee/shoesnueva.cordoba,,,,sin contacto,,
2026-10-06,@rc.santafe,RC Indumentaria,,Santa Fe Capital,indumentaria (local),,"Linktree: ""Somos un local de ropa con más de 25 años de antigüedad en Santa Fe, Capital.""; WhatsApp + Tiendanube (cantidad de productos sin verificar) | score provisorio (IG no verificado: seguidores y ultimo post sin dato)",activa:tiendanube,4,https://linktr.ee/rcindumentaria,,,,sin contacto,,
2026-10-06,@tiendabebe.ok,Tienda Bebé,,GBA Sur - Wilde (Avellaneda),ropa de bebé (local),,"Linktree: ""Fabián Onsari 1105 (wilde Avellaneda)""; ""Hace tu pedido!"" -> tiendabebe.store (plataforma sin verificar); WhatsApp | score provisorio (IG no verificado: seguidores y ultimo post sin dato)",activa:no verificada,4,https://linktr.ee/tiendabebeok,,,,sin contacto,,
2026-10-06,@monami.ba,Monami,,[sin dato; WA 11],"ropa (fabricante, mayor y menor)",,"[resumen del buscador, no literal; verificar bio en IG] venta por mayor y menor, fabricantes, talles 1 al 7, WhatsApp 1154072705, envíos a todo el país | query: ""pedidos por whatsapp"" ropa showroom envíos a todo el país | score provisorio (IG no verificado: seguidores y ultimo post sin dato)",sin dato,4,https://www.instagram.com/monami.ba/,,,,sin contacto,,
2026-10-06,@piel_libre,Piel Libre,,,ropa de mujer,,"[resumen del buscador, no literal; verificar bio en IG] título ""Ropa de Mujer (@piel_libre)""; venta por mayor y menor, envíos a toda Argentina | query: ""consultar stock"" ropa mujer Argentina envíos | score provisorio (IG no verificado: seguidores y ultimo post sin dato)",sin dato,4,https://www.instagram.com/piel_libre/,,,,sin contacto,,
2026-10-06,@xydung_store,XY Dung Store,,CABA - Belgrano,ropa asiática (showroom),,"[resumen del buscador, no literal; verificar bio en IG] título ""🌸 Ropa asiática 🌸""; showroom en Belgrano, envíos a todo el país | query: ""consultar stock"" ropa mujer Argentina envíos | score provisorio (IG no verificado: seguidores y ultimo post sin dato)",sin dato,4,https://www.instagram.com/xydung_store/,,,,sin contacto,,
2026-10-06,@al_indumentaria_,AL Indumentaria,,San Juan,ropa deportiva mujer,,"[resumen del buscador, no literal; verificar bio en IG] título ""Ropa Deportiva Mujer""; ubicada en San Juan | query: ""consultar stock"" ropa mujer Argentina envíos | score provisorio (IG no verificado: seguidores y ultimo post sin dato)",sin dato,4,https://www.instagram.com/al_indumentaria_/,,,,sin contacto,,
2026-10-06,@vivalapepanuevacordoba,Viva la Pepa Nueva Córdoba,,Córdoba - Nueva Córdoba,ropa mujer (2 locales),,"[resumen del buscador, no literal; verificar bio en IG] locales en Rondeau 216 y Buenos Aires 601 L5; info y catálogo por WhatsApp | query: showroom ropa Córdoba ""pedidos por whatsapp"" Nueva Córdoba | score provisorio (IG no verificado: seguidores y ultimo post sin dato)",sin dato,4,https://www.instagram.com/vivalapepanuevacordoba/,,,,sin contacto,,
2026-10-06,@customwear.cba,Customwear,,Córdoba,ropa urbana (showroom),,"[resumen del buscador, no literal; verificar bio en IG] título ""ROPA URBANA CÓRDOBA""; showroom en Dámaso Larrañaga 59 3ro B; pedir catálogo | query: showroom ropa Córdoba ""pedidos por whatsapp"" Nueva Córdoba | score provisorio (IG no verificado: seguidores y ultimo post sin dato)",sin dato,4,https://www.instagram.com/customwear.cba/,,,,sin contacto,,
2026-10-06,@tienda.demoda_,Tienda de Moda,,Rosario - Paso del Bosque,indumentaria femenina,,"[resumen del buscador, no literal; verificar bio en IG] envíos sin cargo en Rosario, pedidos por WhatsApp | query: showroom ropa Rosario ""envíos a todo el país"" whatsapp | score provisorio (IG no verificado: seguidores y ultimo post sin dato)",sin dato,4,https://www.instagram.com/tienda.demoda_/,,,,sin contacto,,
2026-10-06,@zoharaindumentaria,Zohara,,Rosario,ropa mujer,,"[resumen del buscador, no literal; verificar bio en IG] ropa de mujer en Rosario, Santa Fe, envíos a todo el país | query: showroom ropa Rosario ""envíos a todo el país"" whatsapp | score provisorio (IG no verificado: seguidores y ultimo post sin dato)",sin dato,4,https://www.instagram.com/zoharaindumentaria/,,,,sin contacto,,
2026-10-06,@pegada.rosario,Calzados Pegada,,Rosario - Entre Ríos 812,calzado (local),,"[resumen del buscador, no literal; verificar bio en IG] título ""Local exclusivo en Rosario""; envíos a todo el país y compras por WhatsApp | query: showroom ropa Rosario ""envíos a todo el país"" whatsapp | score provisorio (IG no verificado: seguidores y ultimo post sin dato)",sin dato,4,https://www.instagram.com/pegada.rosario/,,,,sin contacto,,
2026-10-06,@magenta.showroom,Magenta,,Mendoza - Godoy Cruz,indumentaria femenina (showroom),,"[resumen del buscador, no literal; verificar bio en IG] showroom en Godoy Cruz, pedidos online y turnos, envíos a todo el país | query: showroom ropa Mendoza pedidos whatsapp envíos | score provisorio (IG no verificado: seguidores y ultimo post sin dato)",sin dato,4,https://www.instagram.com/magenta.showroom/,,,,sin contacto,,
2026-10-06,@rupiashowroommendoza,Rupia,,Mendoza - Av. Colón 430 p.1 of. 21,"ropa, accesorios y calzado (showroom)",,"[resumen del buscador, no literal; verificar bio en IG] showroom en oficina; envíos a todo el país | query: showroom ropa Mendoza pedidos whatsapp envíos | score provisorio (IG no verificado: seguidores y ultimo post sin dato)",sin dato,4,https://www.instagram.com/rupiashowroommendoza/,,,,sin contacto,,
2026-10-06,@solo_para_entendidos_mza,SPE Solo Para Entendidos,,Mendoza - Godoy Cruz,tienda de ropa,,"[resumen del buscador, no literal; verificar bio en IG] título ""SPE TIENDA DE ROPA ONLINE""; T. Benegas 471; envíos a Mendoza y Argentina vía WhatsApp | query: showroom ropa Mendoza pedidos whatsapp envíos | score provisorio (IG no verificado: seguidores y ultimo post sin dato)",sin dato,4,https://www.instagram.com/solo_para_entendidos_mza/,,,,sin contacto,,
2026-10-06,@modapormayor,Moda por Mayor,,Tucumán - Mendoza 949 local 4,ropa mujer y niños,,"[resumen del buscador, no literal; verificar bio en IG] pedidos y consultas de precios por WhatsApp | query: showroom ropa Tucumán pedidos por whatsapp | score provisorio (IG no verificado: seguidores y ultimo post sin dato)",sin dato,4,https://www.instagram.com/modapormayor/,,,,sin contacto,,
2026-10-06,@wala_ok,WALA,,Tucumán,ropa mujer,,"[resumen del buscador, no literal; verificar bio en IG] amplia variedad de talles, envíos y contacto por WhatsApp | query: showroom ropa Tucumán pedidos por whatsapp | score provisorio (IG no verificado: seguidores y ultimo post sin dato)",sin dato,4,https://www.instagram.com/wala_ok/,,,,sin contacto,,
2026-10-06,@olivia.showroom7,Olivia,,Tucumán,ropa (showroom mayor y menor),,"[resumen del buscador, no literal; verificar bio en IG] título ""OLIVIA TIENDA DE ROPA""; showroom, ventas por mayor y menor, envíos a todo el país | query: showroom ropa Tucumán pedidos por whatsapp | score provisorio (IG no verificado: seguidores y ultimo post sin dato)",sin dato,4,https://www.instagram.com/olivia.showroom7/,,,,sin contacto,,
2026-10-06,@carmintucuman,Carmín,,Tucumán - Corrientes 505,tienda de ropa,,"[resumen del buscador, no literal; verificar bio en IG] contacto por WhatsApp 3814461935 | query: showroom ropa Tucumán pedidos por whatsapp | score provisorio (IG no verificado: seguidores y ultimo post sin dato)",sin dato,4,https://www.instagram.com/carmintucuman/,,,,sin contacto,,
2026-10-06,@northern.showroom,Northern Showroom,,Tucumán - Lomas de Tafí,indumentaria (showroom),,"[resumen del buscador, no literal; verificar bio en IG] showroom con delivery a domicilio y pedidos online | query: showroom ropa Tucumán pedidos por whatsapp | score provisorio (IG no verificado: seguidores y ultimo post sin dato)",sin dato,4,https://www.instagram.com/northern.showroom/,,,,sin contacto,,
2026-10-06,@ganfree,Ganfree,,CABA - Flores (Helguera 555 local 4),ropa mayorista fabricante,,"[resumen del buscador, no literal; verificar bio en IG] lunes a viernes 9 a 17 hs, envíos a todo el país | query: ""lista de precios por whatsapp"" ropa por mayor Flores Avellaneda | score provisorio (IG no verificado: seguidores y ultimo post sin dato)",sin dato,4,https://www.instagram.com/ganfree/,,,,sin contacto,,
2026-10-06,@younica.store,Younica,,CABA - Flores (Helguera 719),ropa mayorista fabricante,,"[resumen del buscador, no literal; verificar bio en IG] título ""Mayorista Fabricante en Avellaneda Flores""; envíos a todo el país | query: ""lista de precios por whatsapp"" ropa por mayor Flores Avellaneda | score provisorio (IG no verificado: seguidores y ultimo post sin dato)",sin dato,4,https://www.instagram.com/younica.store/,,,,sin contacto,,
2026-10-06,@avellaneda.ropa.hombre,Avellaneda Ropa Mayorista,,CABA - Flores (Cuenca 314),ropa hombre (fabricante),,"[resumen del buscador, no literal; verificar bio en IG] fabricantes, WhatsApp 1164275464, venta por mayor y menor | query: ""lista de precios por whatsapp"" ropa por mayor Flores Avellaneda | score provisorio (IG no verificado: seguidores y ultimo post sin dato)",sin dato,4,https://www.instagram.com/avellaneda.ropa.hombre/,,,,sin contacto,,
2026-10-06,@iodi_indumentaria,IODI,,,ropa mujer (fabricante),,"[resumen del buscador, no literal; verificar bio en IG] fabricación propia en 5 talles, venta mayorista, catálogo por WhatsApp | query: ""catálogo por whatsapp"" indumentaria femenina emprendimiento Argentina talles | score provisorio (IG no verificado: seguidores y ultimo post sin dato)",sin dato,4,https://www.instagram.com/iodi_indumentaria/,,,,sin contacto,,
2026-10-06,@lulu.indumentaria.ar,Lulu Indumentaria,,CABA - Flores (Aranguren 3445 / Avellaneda 3127),fabricante y mayorista,,"[resumen del buscador, no literal; verificar bio en IG] título ""Fabricantes y mayoristas de indumentaria""; contacto por WhatsApp | query: ""catálogo por whatsapp"" indumentaria femenina emprendimiento Argentina talles | score provisorio (IG no verificado: seguidores y ultimo post sin dato)",sin dato,4,https://www.instagram.com/lulu.indumentaria.ar/,,,,sin contacto,,
2026-10-06,@zest_modas,Zest Modas,,CABA - Flores,ropa mujer talles reales (mayorista),,"[resumen del buscador, no literal; verificar bio en IG] precios mayoristas, talles L, XL, XXL, local en Flores, envíos a todo el país | query: ""catálogo por whatsapp"" indumentaria femenina emprendimiento Argentina talles | score provisorio (IG no verificado: seguidores y ultimo post sin dato)",sin dato,4,https://www.instagram.com/zest_modas/,,,,sin contacto,,
2026-10-06,@broxenmayoristas,Broxen,,,indumentaria mayorista mujer,,"[resumen del buscador, no literal; verificar bio en IG] consultas por WhatsApp, envíos a todo el país | query: ""catálogo por whatsapp"" indumentaria femenina emprendimiento Argentina talles | score provisorio (IG no verificado: seguidores y ultimo post sin dato)",sin dato,4,https://www.instagram.com/broxenmayoristas/,,,,sin contacto,,
2026-10-06,@moda_petite,Moda Petite,,,ropa mujer talle petite,,"[resumen del buscador, no literal; verificar bio en IG] ropa para mujeres de baja estatura, creación y modificación de prendas en talle petite, envíos a todo el país y pedidos por DM | query: emprendimiento ropa mujer ""pedidos por dm"" ""envíos a todo el país"" CABA | score provisorio (IG no verificado: seguidores y ultimo post sin dato)",sin dato,4,https://www.instagram.com/moda_petite/,,,,sin contacto,,
2026-10-06,@kimaralaplata,Kimara,,La Plata,ropa mujer (showroom),,"[resumen del buscador, no literal; verificar bio en IG] título ""Tienda de ropa Kimara La Plata""; showroom, pedidos por DM y WhatsApp | query: showroom ropa La Plata ""pedidos por whatsapp"" indumentaria | score provisorio (IG no verificado: seguidores y ultimo post sin dato)",sin dato,4,https://www.instagram.com/kimaralaplata/,,,,sin contacto,,
2026-10-06,@amadea.showroom,Amadea,,La Plata,indumentaria femenina (showroom),,"[resumen del buscador, no literal; verificar bio en IG] venta minorista, envíos a todo el país, L a V 10-13 y 14-19, sábados 11-20 | query: showroom ropa La Plata ""pedidos por whatsapp"" indumentaria | score provisorio (IG no verificado: seguidores y ultimo post sin dato)",sin dato,4,https://www.instagram.com/amadea.showroom/,,,,sin contacto,,
2026-10-06,@moraindumentarialp,Mora,,La Plata - calle 9 e/ 47 y 48,indumentaria (local),,"[resumen del buscador, no literal; verificar bio en IG] todos los talles y envíos a todo el país | query: showroom ropa La Plata ""pedidos por whatsapp"" indumentaria | score provisorio (IG no verificado: seguidores y ultimo post sin dato)",sin dato,4,https://www.instagram.com/moraindumentarialp/,,,,sin contacto,,
2026-10-06,@alesiatienda,Alesia Tienda de Ropa,,La Plata,tienda de ropa,,"[resumen del buscador, no literal; verificar bio en IG] envíos a todo el país, WhatsApp 2216386720 | query: showroom ropa La Plata ""pedidos por whatsapp"" indumentaria | score provisorio (IG no verificado: seguidores y ultimo post sin dato)",sin dato,4,https://www.instagram.com/alesiatienda/,,,,sin contacto,,
2026-10-06,@renata.tallesplus,Renata Talles Plus,,Rosario - centro (pick up),ropa talles grandes,,"[resumen del buscador, no literal; verificar bio en IG] 3 cuotas sin interés, envíos a toda Argentina, punto pick up en Rosario centro | query: ""pedidos por dm"" ropa Rosario emprendimiento talles envíos | score provisorio (IG no verificado: seguidores y ultimo post sin dato)",sin dato,4,https://www.instagram.com/renata.tallesplus/,,,,sin contacto,,
2026-10-06,@kuzof_,KUZOF,,Rosario - Mendoza 2999,ropa talles reales,,"[resumen del buscador, no literal; verificar bio en IG] título ""KUZOF - Talles Reales""; talles 34 al 60, envíos a todo el país | query: ""pedidos por dm"" ropa Rosario emprendimiento talles envíos | score provisorio (IG no verificado: seguidores y ultimo post sin dato)",sin dato,4,https://www.instagram.com/kuzof_/,,,,sin contacto,,
2026-10-06,@ellugardeloschicosrosario,El lugar de los chicos,,Rosario,ropa infantil 2 a 16,,"[resumen del buscador, no literal; verificar bio en IG] ropa de niños talles 2 al 16, envíos por cadete | query: ""pedidos por dm"" ropa Rosario emprendimiento talles envíos | score provisorio (IG no verificado: seguidores y ultimo post sin dato)",sin dato,4,https://www.instagram.com/ellugardeloschicosrosario/,,,,sin contacto,,
2026-10-06,@nocerafitness,Nocera Fitness,,GBA Oeste - Ramos Mejía,ropa deportiva talles reales (showroom),,"[resumen del buscador, no literal; verificar bio en IG] título ""Ropa Deportiva Talles Reales""; talles 34 a 52, showroom en Ramos Mejía, envíos a todo el país | query: ""talles reales"" ropa mujer emprendimiento ""whatsapp"" envíos Buenos Aires showroom | score provisorio (IG no verificado: seguidores y ultimo post sin dato)",sin dato,4,https://www.instagram.com/nocerafitness/,,,,sin contacto,,
2026-10-06,@nuevosaires.tallesreales,Nuevos Aires,,,moda curvy / plus size,,"[resumen del buscador, no literal; verificar bio en IG] moda curvy y plus size, envíos a todo el país | query: ""talles reales"" ropa mujer emprendimiento ""whatsapp"" envíos Buenos Aires showroom | score provisorio (IG no verificado: seguidores y ultimo post sin dato)",sin dato,4,https://www.instagram.com/nuevosaires.tallesreales/,,,,sin contacto,,
2026-10-06,@modamiaropa,Moda Mía,,CABA - Galería Gran Rivadavia local 8,ropa todos los talles,,"[resumen del buscador, no literal; verificar bio en IG] título ""Ropa de todos los talles 🖤""; local en galería | query: ""talles reales"" ropa mujer emprendimiento ""whatsapp"" envíos Buenos Aires showroom | score provisorio (IG no verificado: seguidores y ultimo post sin dato)",sin dato,4,https://www.instagram.com/modamiaropa/,,,,sin contacto,,
2026-10-06,@tara.showroom,Tara,,,ropa femenina (showroom),,"[resumen del buscador, no literal; verificar bio en IG] título ""TARA - Ropa femenina - Showroom"" | query: ""talles reales"" ropa mujer emprendimiento ""whatsapp"" envíos Buenos Aires showroom | score provisorio (IG no verificado: seguidores y ultimo post sin dato)",sin dato,4,https://www.instagram.com/tara.showroom/,,,,sin contacto,,
2026-10-06,@espacioph,Espacio PH,,CABA - Palermo,showroom multimarca (+50 marcas),,"[resumen del buscador, no literal; verificar bio en IG] título ""Showroom Multimarca en Palermo 🇦🇷 Más de 50 marcas""; sin turno previo, mar 11-15:30, mié y jue 14-19:30 (también posible partner: aloja marcas chicas) | query: showroom ropa ""turnos por dm"" Palermo | score provisorio (IG no verificado: seguidores y ultimo post sin dato)",sin dato,4,https://www.instagram.com/espacioph/,,,,sin contacto,,
2026-10-06,@housedosbuenosaires,House Dos,,CABA - Palermo (J. F. Seguí 4691),ropa (showroom),,"[resumen del buscador, no literal; verificar bio en IG] título ""Ropa Simple, Ropa Buena""; showroom L a S 11 a 19 | query: showroom ropa ""turnos por dm"" Palermo | score provisorio (IG no verificado: seguidores y ultimo post sin dato)",sin dato,4,https://www.instagram.com/housedosbuenosaires/,,,,sin contacto,,
2026-10-06,@showroomaquelarre,Showroom Aquelarre,,CABA - Balvanera (Lavalle 2086),ropa (showroom),,"[resumen del buscador, no literal; verificar bio en IG] Lavalle 2086 entre Junín y Ayacucho, lunes a domingo 10 a 19, sin turno | query: ""wa.me"" showroom ropa Buenos Aires | score provisorio (IG no verificado: seguidores y ultimo post sin dato)",sin dato,4,https://www.instagram.com/showroomaquelarre/,,,,sin contacto,,
2026-10-06,@battaglia.showroom,Battaglia Showroom,,CABA - Flores (San Nicolás 622),ropa (showroom),,"[resumen del buscador, no literal; verificar bio en IG] lunes a viernes 8 a 16, envíos a todo el país | query: ""wa.me"" showroom ropa Buenos Aires | score provisorio (IG no verificado: seguidores y ultimo post sin dato)",sin dato,4,https://www.instagram.com/battaglia.showroom/,,,,sin contacto,,
2026-10-06,@ldn.indumentariaimportada,LDN Indumentaria Importada,,CABA - Belgrano,ropa importada (showroom),,"[resumen del buscador, no literal; verificar bio en IG] título ""SHOWROOM IMPORTADOS""; showroom en Belgrano, envíos a todo el país | query: ""wa.me"" showroom ropa Buenos Aires | score provisorio (IG no verificado: seguidores y ultimo post sin dato)",sin dato,4,https://www.instagram.com/ldn.indumentariaimportada/,,,,sin contacto,,
